city,query,business_name,address,phone,email,website,maps_url,pagesjaunes_url,website_source
Paris,boutique CBD,CBD Paris 4 - Le Chanvrier Francais - Le marais,"7 Rue de Turenne, 75004 Paris, France",+33175572198,marc.vdwiele@gmail.com,https://lechanvrierfrancais.com/,https://www.google.com/maps/place/CBD+Paris+4+-+Le+Chanvrier+Francais+-+Le+marais/data=!4m7!3m6!1s0x47e67137253a7369:0x94eac65667b31e5!8m2!3d48.855317!4d2.363312!16s%2Fg%2F11j242gly1!19sChIJaXM6JTdx5kcR5TF7ZmWsTgk?authuser=0&hl=fr&g_ep=EgoyMDI2MDkxMy4wIJJjKgBIAVAD&rclk=1,,gmb
Paris,boutique CBD,Le Lab Paris - CBD Shop Saint Paul,"Le Lab Shop, 6 Rue de Sévigné, 75004 Paris, France",+33603105743,,https://lelabshop.fr/,https://www.google.com/maps/place/Le+Lab+Paris+-+CBD+Shop+Saint+Paul/data=!4m7!3m6!1s0x47e671bfc857f0c5:0x278627102651785!8m2!3d48.8553464!4d2.3620271!16s%2Fg%2F11gjw32rv5!19sChIJxfBXyL9x5kcRhRdlAnFieAI?authuser=0&hl=fr&g_ep=EgoyMDI2MDkxMy4wIJJjKgBIAVAD&rclk=1,,gmb
Paris,boutique CBD,Le Lab du Bonheur CBD Paris République - Magasin de CBD,"47 Rue de Malte, 75011 Paris, France",+33143577759,merlin@lelabdubonheur.fr,https://lelabdubonheur.fr/content/24-boutique-paris-republique-cbd,https://www.google.com/maps/place/Le+Lab+du+Bonheur+CBD+Paris+R%C3%A9publique+-+Magasin+de+CBD/data=!4m7!3m6!1s0x47e66f8f2279f091:0xbcd0a30176473eb2!8m2!3d48.8657393!4d2.367633!16s%2Fg%2F11gh_jg58c!19sChIJkfB5Io9v5kcRsj5HdgGj0Lw?authuser=0&hl=fr&g_ep=EgoyMDI2MDkxMy4wIJJjKgBIAVAD&rclk=1,,gmb
Paris,boutique CBD,Origine CBD : Boutique CBD | CBD Shop Paris : Fleurs et Résines - THC-X - CPR - Huiles et Produits Sans THC,"17 Rue de l'Arsenal, 75004 Paris, France",+33982596490,contact@originecbd.fr,https://originecbd.fr/,https://www.google.com/maps/place/Origine+CBD+:+Boutique+CBD+%7C+CBD+Shop+Paris+:+Fleurs+et+R%C3%A9sines+-+THC-X+-+CPR+-+Huiles+et+Produits+Sans+THC/data=!4m7!3m6!1s0x47e671e68429c67b:0xcf0c143adb6b23d4!8m2!3d48.8516909!4d2.3667976!16s%2Fg%2F11qmc6v4s3!19sChIJe8YphOZx5kcR1CNr2zoUDM8?authuser=0&hl=fr&g_ep=EgoyMDI2MDkxMy4wIJJjKgBIAVAD&rclk=1,,gmb
Paris,boutique CBD,Green House,"3 Rue Seveste, 75018 Paris, France",+33184606060,,https://greenhousecbdshop.com/,https://www.google.com/maps/place/Green+House/data=!4m7!3m6!1s0x47e66fc46ca2735b:0xff463e035f92c58f!8m2!3d48.8834401!4d2.3450119!16s%2Fg%2F11f6cs_3cx!19sChIJW3OibMRv5kcRj8WSXwM-Rv8?authuser=0&hl=fr&g_ep=EgoyMDI2MDkxMy4wIJJjKgBIAVAD&rclk=1,,gmb
Paris,boutique CBD,CBD LOVELY PARIS | BOUTIQUE CBD SHOP PARIS 13,"147 Rue du Chevaleret, 75013 Paris, France",+33667263141,,https://cbdlovely.com/,https://www.google.com/maps/place/CBD+LOVELY+PARIS+%7C+BOUTIQUE+CBD+SHOP+PARIS+13/data=!4m7!3m6!1s0x47e673ef2dee5ef1:0x4650e33879ae34cb!8m2!3d48.8322156!4d2.3715932!16s%2Fg%2F11pwvgnld2!19sChIJ8V7uLe9z5kcRyzSueTjjUEY?authuser=0&hl=fr&g_ep=EgoyMDI2MDkxMy4wIJJjKgBIAVAD&rclk=1,,gmb
Paris,boutique CBD,Green Vallée - CBD shop Paris 15 - Convention/Vaugirard,"35 Rue Victor Duruy, 75015 Paris, France",+33660860441,contact@greenvallee.fr,https://greenvallee.fr/?utm_source=google&utm_medium=gmb&utm_campaign=p15,https://www.google.com/maps/place/Green+Vall%C3%A9e+-+CBD+shop+Paris+15+-+Convention%2FVaugirard/data=!4m7!3m6!1s0x47e671533243a809:0xa07f3734cab560cf!8m2!3d48.8363679!4d2.3003858!16s%2Fg%2F11k2xw_kt3!19sChIJCahDMlNx5kcRz2C1yjQ3f6A?authuser=0&hl=fr&g_ep=EgoyMDI2MDkxMy4wIJJjKgBIAVAD&rclk=1,,gmb
Paris,boutique CBD,CBD Shop France Paris 13ème,"196 Rue de Tolbiac, 75013 Paris, France",+33153629049,contact@cbdshopfrance.fr,https://cbdshopfrance.fr/boutiques/paris-13eme/,https://www.google.com/maps/place/CBD+Shop+France+Paris+13%C3%A8me/data=!4m7!3m6!1s0x47e671eecf5358a9:0x53185306adf7f667!8m2!3d48.8258752!4d2.3490363!16s%2Fg%2F11qsvxfmpb!19sChIJqVhTz-5x5kcRZ_b3rQZTGFM?authuser=0&hl=fr&g_ep=EgoyMDI2MDkxMy4wIJJjKgBIAVAD&rclk=1,,gmb
Paris,boutique CBD,CBD.FR,"10 Rue de la Paix, 75002 Paris, France",+33189720196,support@cbd.fr,https://www.cbd.fr/,https://www.google.com/maps/place/CBD.FR/data=!4m7!3m6!1s0x47f71bee2c6db677:0x1770658010e6fa2c!8m2!3d48.8689443!4d2.3312533!16s%2Fg%2F11flgnyzr6!19sChIJd7ZtLO4b90cRLPrmEIBlcBc?authuser=0&hl=fr&g_ep=EgoyMDI2MDkxMy4wIJJjKgBIAVAD&rclk=1,,gmb
Paris,boutique CBD,La Voie Verte CBD Shop,"96 Bd du Montparnasse, 75014 Paris, France",+33759721816,infos@lavoieverte.paris,https://lavoieverte.paris/,https://www.google.com/maps/place/La+Voie+Verte+CBD+Shop/data=!4m7!3m6!1s0x47e6718d8c1f2771:0xfee5e257dc39c439!8m2!3d48.8424671!4d2.3273556!16s%2Fg%2F11yv_66n9b!19sChIJcScfjI1x5kcROcQ53Ffi5f4?authuser=0&hl=fr&g_ep=EgoyMDI2MDkxMy4wIJJjKgBIAVAD&rclk=1,,gmb
Paris,magasin CBD,CBD House Paris - Shop et Livraison express 2h,"54 Rue Popincourt, 75011 Paris, France",+33148057310,,https://nature-verte-cbd.fr/,https://www.google.com/maps/place/CBD+Paris+2+Op%C3%A9ra+Nature+Verte/data=!4m7!3m6!1s0x47e66f8a5c408339:0x362535a004ef90ba!8m2!3d48.86957!4d2.33609!16s%2Fg%2F11fqd3cn44!19sChIJOYNAXIpv5kcRupDvBKA1JTY?authuser=0&hl=fr&g_ep=EgoyMDI2MDkxMy4wIJJjKgBIAVAD&rclk=1,,gmb
Lyon,boutique CBD,THE HOUSE CBD SHOP,"6 Rue des Capucins, 69001 Lyon, France",+33761454288,thehousecbdshop@gmail.com,http://thehousecbdshop.com/,https://www.google.com/maps/place/THE+HOUSE+CBD+SHOP/data=!4m7!3m6!1s0x47f4eb0b83173edb:0x1519c9fcf516053!8m2!3d45.7690241!4d4.8330023!16s%2Fg%2F11yx_xjhvs!19sChIJ2z4Xgwvr9EcRU2BRz5-cUQE?authuser=0&hl=fr&g_ep=EgoyMDI2MDkxMy4wIJJjKgBIAVAD&rclk=1,,gmb
Lyon,boutique CBD,Les Gones CBD,"130 Cr Lafayette, 69003 Lyon, France",+33752035460,contact@lesgonescbd.fr,https://lesgonescbd.fr/,https://www.google.com/maps/place/Les+Gones+CBD/data=!4m7!3m6!1s0x47f4ebf721c35749:0x4e14545022bcfacd!8m2!3d45.763518!4d4.8526643!16s%2Fg%2F11z679z3vx!19sChIJSVfDIffr9EcRzfq8IlBUFE4?authuser=0&hl=fr&g_ep=EgoyMDI2MDkxMy4wIJJjKgBIAVAD&rclk=1,,gmb
Lyon,boutique CBD,OG CBD Shop Lyon,"25 Rue des Remparts d'Ainay, 69002 Lyon, France",+33472615110,,https://ogcbdshop.fr/,https://www.google.com/maps/place/OG+CBD+Shop+Lyon/data=!4m7!3m6!1s0x47f4ebb084ce5dab:0x48523e2f16a4dcf3!8m2!3d45.7529675!4d4.8307284!16s%2Fg%2F11hjp06dmy!19sChIJq13OhLDr9EcR89ykFi8-Ukg?authuser=0&hl=fr&g_ep=EgoyMDI2MDkxMy4wIJJjKgBIAVAD&rclk=1,,gmb
Lyon,boutique CBD,"CBD Shop Lyon | Streetshop | CBD Shop & Smokeshop, No1 depuis 2012","contre le théâtre l'Elysée, 13 place Gabriel Péri, Rue Basse Combalot, 69007 Lyon, France",+33987711188,,https://streetshop-france.fr/,"https://www.google.com/maps/place/CBD+Shop+Lyon+%7C+Streetshop+%7C+CBD+Shop+%26+Smokeshop,+No1+depuis+2012/data=!4m7!3m6!1s0x47f4eba47a9fdd9d:0x9ca69a95708f7a39!8m2!3d45.7549837!4d4.842248!16s%2Fg%2F11j0ngcpg1!19sChIJnd2feqTr9EcROXqPcJWappw?authuser=0&hl=fr&g_ep=EgoyMDI2MDkxMy4wIJJjKgBIAVAD&rclk=1",,gmb
Lyon,boutique CBD,CBD Bicyclette Lyon,"26 Rue Rabelais, 69003 Lyon, France",+33695144056,,https://cbdbicyclette.fr/pages/boutique-de-cbd-a-lyon,https://www.google.com/maps/place/CBD+Bicyclette+Lyon/data=!4m7!3m6!1s0x47f4eb448f7f71e3:0xf1caf212130276a2!8m2!3d45.7625368!4d4.8446681!16s%2Fg%2F11hwzbdgqr!19sChIJ43F_j0Tr9EcRonYCExLyyvE?authuser=0&hl=fr&g_ep=EgoyMDI2MDkxMy4wIJJjKgBIAVAD&rclk=1,,gmb
Lyon,boutique CBD,Feel Natural CBD,"109 Rue Sébastien Gryphe, 69007 Lyon, France",+33981071342,feelnaturalcbd@gmail.com,http://www.feelnaturalcbd.fr/,https://www.google.com/maps/place/Feel+Natural+CBD/data=!4m7!3m6!1s0x47f4eb63004a600f:0x9f962c6fad6fb667!8m2!3d45.7487942!4d4.8400957!16s%2Fg%2F11sgztl5ls!19sChIJD2BKAGPr9EcRZ7ZvrW8slp8?authuser=0&hl=fr&g_ep=EgoyMDI2MDkxMy4wIJJjKgBIAVAD&rclk=1,,gmb
Lyon,boutique CBD,CBD Lyon - Dr. Greentown,"10 Cr Lafayette, 69003 Lyon, France",+33478841126,,https://www.dr-greentown.fr/boutique/dr-greentown-lyon/,https://www.google.com/maps/place/CBD+Lyon+-+Dr.+Greentown/data=!4m7!3m6!1s0x47f4eb77a4c5dabd:0x62a4e010f65047bd!8m2!3d45.76355!4d4.842728!16s%2Fg%2F11sywxqppy!19sChIJvdrFpHfr9EcRvUdQ9hDgpGI?authuser=0&hl=fr&g_ep=EgoyMDI2MDkxMy4wIJJjKgBIAVAD&rclk=1,,gmb
Lyon,boutique CBD,CBD LYON SATIKAAH,"7 Gd Rue de Vaise, 69009 Lyon, France",+33978800917,contact@satikaah.fr,https://satikaah.fr/,https://www.google.com/maps/place/CBD+LYON+SATIKAAH/data=!4m7!3m6!1s0x47f4ebe630037305:0x5d57a1ce13fbab57!8m2!3d45.774942!4d4.806389!16s%2Fg%2F11sc7k60xv!19sChIJBXMDMObr9EcRV6v7E86hV10?authuser=0&hl=fr&g_ep=EgoyMDI2MDkxMy4wIJJjKgBIAVAD&rclk=1,,gmb
Lyon,boutique CBD,Flower-Town,"23 Rue de Belfort, 69004 Lyon, France",+33987362828,flowertown420@gmail.com,https://flower-town.com/,https://www.google.com/maps/place/Flower-Town/data=!4m7!3m6!1s0x47f4ebab4521665d:0x8bda65f61c3944d7!8m2!3d45.7782747!4d4.8345675!16s%2Fg%2F11q4k0mp80!19sChIJXWYhRavr9EcR10Q5HPZl2os?authuser=0&hl=fr&g_ep=EgoyMDI2MDkxMy4wIJJjKgBIAVAD&rclk=1,,gmb
Lyon,boutique CBD,CBD Shop • The Hemp Concept - Lyon06 & Villeurbanne,"30 Cr Émile-Zola, 69100 Villeurbanne, France",+33478242571,contact@fonedegrut.fr,https://www.fonedegrut.fr/,https://www.google.com/maps/place/CBD+Shop+%E2%80%A2+The+Hemp+Concept+-+Lyon06+%26+Villeurbanne/data=!4m7!3m6!1s0x47f4eb6f98ce8cf9:0xc9743173ffc8ee7c!8m2!3d45.7704971!4d4.8652273!16s%2Fg%2F11qh0zfz8b!19sChIJ-YzOmG_r9EcRfO7I_3MxdMk?authuser=0&hl=fr&g_ep=EgoyMDI2MDkxMy4wIJJjKgBIAVAD&rclk=1,,gmb
Lyon,boutique CBD,Plaisirs Délices Brotteaux - CBD Shop Lyon 6,"30 Rue Professeur Weill, 69006 Lyon, France",+33987314132,,https://plaisirsdelices.fr/,https://www.google.com/maps/place/Plaisirs+D%C3%A9lices+Brotteaux+-+CBD+Shop+Lyon+6/data=!4m7!3m6!1s0x47f4eb7366fda503:0x159bff4b9b6e8a68!8m2!3d45.7677557!4d4.856372!16s%2Fg%2F11jycnqxvm!19sChIJA6X9ZnPr9EcRaIpum0v_mxU?authuser=0&hl=fr&g_ep=EgoyMDI2MDkxMy4wIJJjKgBIAVAD&rclk=1,,gmb
Lyon,boutique CBD,CBD & Vape Lyon - Green Society,"52 Cr Gambetta, 69007 Lyon, France",+33472943487,contact@greensociety.fr,https://greensociety.fr/,https://www.google.com/maps/place/CBD+%26+Vape+Lyon+-+Green+Society/data=!4m7!3m6!1s0x47f4eb6ceb604f69:0xadb4758d8e5ab992!8m2!3d45.7538515!4d4.8467115!16s%2Fg%2F11nxq_mp2v!19sChIJaU9g62zr9EcRkrlajo11tK0?authuser=0&hl=fr&g_ep=EgoyMDI2MDkxMy4wIJJjKgBIAVAD&rclk=1,,gmb
Lyon,boutique CBD,Nativus • CBD Shop Lyon,"26 Gd Rue de Vaise, 69009 Lyon, France",+33666785439,,https://www.nativus.fr/,https://www.google.com/maps/place/Nativus+%E2%80%A2+CBD+Shop+Lyon/data=!4m7!3m6!1s0x47f4eb35d53c8443:0xb3dfa6fdee4cf895!8m2!3d45.7741813!4d4.8073645!16s%2Fg%2F11g0mjs58f!19sChIJQ4Q81TXr9EcRlfhM7v2m37M?authuser=0&hl=fr&g_ep=EgoyMDI2MDkxMy4wIJJjKgBIAVAD&rclk=1,,gmb
Lyon,magasin CBD,HISTOIRE DE GRAINES Lyon - Terreaux / CBD SHOP,"2 Rue d'Algérie, 69001 Lyon, France",+33988322538,,https://www.histoiredegraines-cbd-lyon.fr/,https://www.google.com/maps/place/HISTOIRE+DE+GRAINES+Lyon+-+Terreaux+%2F+CBD+SHOP/data=!4m7!3m6!1s0x47f4eb2688fac2e1:0x429648247a860a2a!8m2!3d45.7670517!4d4.8305931!16s%2Fg%2F11smnypwyb!19sChIJ4cL6iCbr9EcRKgqGeiRIlkI?authuser=0&hl=fr&g_ep=EgoyMDI2MDkxMy4wIJJjKgBIAVAD&rclk=1,,gmb
Marseille,boutique CBD,CBD Shop Anan'haze Vieux Port 13001/Fleurs U.S/Suisse/France/Italie,"4 Rue Breteuil, 13001 Marseille, France",+33465975669,,http://ananhaze.com/,https://www.google.com/maps/place/CBD+Shop+Anan%27haze+Vieux+Port+13001%2FFleurs+U.S%2FSuisse%2FFrance%2FItalie/data=!4m7!3m6!1s0x12c9c1bcaaf87ab5:0xb69f324a627f1471!8m2!3d43.2926709!4d5.3747144!16s%2Fg%2F11rx95c_sy!19sChIJtXr4qrzByRIRcRR_Ykoyn7Y?authuser=0&hl=fr&g_ep=EgoyMDI2MDkxMy4wIJJjKgBIAVAD&rclk=1,,gmb
Marseille,boutique CBD,Cbd Marseille - LOVE CBD MARSEILLE,"11 Rue Vitalis, 13005 Marseille, France",+33465952752,,https://love-cbd.eu/,https://www.google.com/maps/place/Cbd+Marseille+-+LOVE+CBD+MARSEILLE/data=!4m7!3m6!1s0x12c9c12b0aeea8cb:0x7d2e9fc4c33f3cc5!8m2!3d43.2926044!4d5.3926707!16s%2Fg%2F11hdsc8hpy!19sChIJy6juCivByRIRxTw_w8SfLn0?authuser=0&hl=fr&g_ep=EgoyMDI2MDkxMy4wIJJjKgBIAVAD&rclk=1,,gmb
Marseille,boutique CBD,Cbd Marseille CBD Pas Cher 13,"5 bis Rue Bussy l'Indien, 13006 Marseille, France",+33954929822,magicflower.fr@proton.me,https://magic-flower.fr/,https://www.google.com/maps/place/Cbd+Marseille+CBD+Pas+Cher+13/data=!4m7!3m6!1s0x12c9c1939074b9bb:0x9e4c6aa10a2aef9b!8m2!3d43.2932533!4d5.3841499!16s%2Fg%2F11s5fsml6_!19sChIJu7l0kJPByRIRm-8qCqFqTJ4?authuser=0&hl=fr&g_ep=EgoyMDI2MDkxMy4wIJJjKgBIAVAD&rclk=1,,gmb
Marseille,boutique CBD,widad&co_cbd . Marseille,"67 Rue Adolphe Thiers, 13001 Marseille, France",+33660478791,,http://www.widadetco-cbd.fr/,https://www.google.com/maps/place/widad%26co_cbd+.+Marseille/data=!4m7!3m6!1s0x4324d05135643ed9:0x6edb87230a34cfda!8m2!3d43.296659!4d5.385571!16s%2Fg%2F11pkhq6g_n!19sChIJ2T5kNVHQJEMR2s80CiOH224?authuser=0&hl=fr&g_ep=EgoyMDI2MDkxMy4wIJJjKgBIAVAD&rclk=1,,gmb
Marseille,boutique CBD,Calibud CBD Shop Saint-Victor,"60 TER Rue d'Endoume, 13007 Marseille, France",+33650258176,,https://www.calibud.fr/,https://www.google.com/maps/place/Calibud+CBD+Shop+Saint-Victor/data=!4m7!3m6!1s0x12c9c1a7f8352fc3:0xee7a04b6eae49369!8m2!3d43.2882186!4d5.3665169!16s%2Fg%2F11pgtjb0zw!19sChIJwy81-KfByRIRaZPk6rYEeu4?authuser=0&hl=fr&g_ep=EgoyMDI2MDkxMy4wIJJjKgBIAVAD&rclk=1,,gmb
Marseille,boutique CBD,MIDORI PLACE - CBD SHOP MARSEILLE,"28 Rue des Trois Rois, 13006 Marseille, France",+33672236651,onlineshop@midoriplace.com,http://www.midoriplace.com/,https://www.google.com/maps/place/MIDORI+PLACE+-+CBD+SHOP+MARSEILLE/data=!4m7!3m6!1s0x12c9c16a497d5209:0x12a349e39673960b!8m2!3d43.2939398!4d5.3848195!16s%2Fg%2F11mwrmxrht!19sChIJCVJ9SWrByRIRC5ZzluNJoxI?authuser=0&hl=fr&g_ep=EgoyMDI2MDkxMy4wIJJjKgBIAVAD&rclk=1,,gmb
Marseille,boutique CBD,Central Bud CBD Marseille,"Rue Raphaël Ponson, 13008 Marseille, France",+33634054608,,https://www.centralbud.fr/,https://www.google.com/maps/place/Central+Bud+CBD+Marseille/data=!4m7!3m6!1s0x4e6a768d3d972637:0x7672bd3d4d358bd6!8m2!3d43.2657199!4d5.3874157!16s%2Fg%2F11k9zftcf0!19sChIJNyaXPY12ak4R1os1TT29cnY?authuser=0&hl=fr&g_ep=EgoyMDI2MDkxMy4wIJJjKgBIAVAD&rclk=1,,gmb
Marseille,boutique CBD,LOS BUD CBD Marseille cannabis légal,"34 Rue Madon, 13005 Marseille, France",+33757672814,losbudcbd@gmail.com,https://www.losbudcbd.fr/#four,https://www.google.com/maps/place/LOS+BUD+CBD+Marseille+cannabis+l%C3%A9gal/data=!4m7!3m6!1s0x12c9bf82d1cf264b:0x6b7cdf6be02c8f63!8m2!3d43.29355!4d5.39974!16s%2Fg%2F11r9gl23cq!19sChIJSybP0YK_yRIRY48s4GvffGs?authuser=0&hl=fr&g_ep=EgoyMDI2MDkxMy4wIJJjKgBIAVAD&rclk=1,,gmb
Marseille,boutique CBD,Kingston shop Marseille vieux-port CBC N10 N9 10 OH,"9 Rue Breteuil, 13001 Marseille, France",+33766665492,,https://kingston-cbd.fr/kingston-marseille/,https://www.google.com/maps/place/Kingston+shop+Marseille+vieux-port+CBC+N10+N9+10+OH/data=!4m7!3m6!1s0x12c9c183ad5a6157:0xa8694e5e9bbff00d!8m2!3d43.2923802!4d5.3750508!16s%2Fg%2F11l36r874g!19sChIJV2FarYPByRIRDfC_m15Oaag?authuser=0&hl=fr&g_ep=EgoyMDI2MDkxMy4wIJJjKgBIAVAD&rclk=1,,gmb
Marseille,boutique CBD,LA KALI CBD Prado,"26 Av. de Mazargues, 13008 Marseille, France",+33699065455,lakali.cbd@gmail.com,https://lakalicbd.fr/,https://www.google.com/maps/place/LA+KALI+CBD+Prado/data=!4m7!3m6!1s0x12c9c7dac40955f7:0x152f9cd6f2a9a05!8m2!3d43.2691752!4d5.3881257!16s%2Fg%2F11x_7l1skb!19sChIJ91UJxNrHyRIRBZoqb835UgE?authuser=0&hl=fr&g_ep=EgoyMDI2MDkxMy4wIJJjKgBIAVAD&rclk=1,,gmb
Marseille,boutique CBD,Jama Haze CBD,"26 Av. Alexandre Dumas, 13008 Marseille, France",+33659330917,jamahaze.contact@gmail.com,https://jama-haze-cbd.vercel.app/,https://www.google.com/maps/place/Jama+Haze+CBD/data=!4m7!3m6!1s0x12c9c7e570507fff:0x4c3e9b981d657f59!8m2!3d43.2640641!4d5.3897661!16s%2Fg%2F11nc5pw876!19sChIJ_39QcOXHyRIRWX9lHZibPkw?authuser=0&hl=fr&g_ep=EgoyMDI2MDkxMy4wIJJjKgBIAVAD&rclk=1,,gmb
Marseille,boutique CBD,"SMOOKY by CBD13zen (Cigarettes électroniques et CBD,cbc, cbn, thv,cbd+ )","80 Rue Saint-Sébastien, 13006 Marseille, France",+33644764871,,https://legreenclub.com/#MainContent,"https://www.google.com/maps/place/SMOOKY+by+CBD13zen+%28Cigarettes+%C3%A9lectroniques+et+CBD,cbc,+cbn,+thv,cbd%2B+%29/data=!4m7!3m6!1s0x12c9c16182595365:0x2cf0f045aca7bd23!8m2!3d43.2818976!4d5.3844464!16s%2Fg%2F11nx65kxp1!19sChIJZVNZgmHByRIRI72nrEXw8Cw?authuser=0&hl=fr&g_ep=EgoyMDI2MDkxMy4wIJJjKgBIAVAD&rclk=1",,gmb
Marseille,boutique CBD,CBD The Magic Weed,"1 Rue Grignan, 13006 Marseille, France",+33672921061,contact@themagicweed.fr,https://magicweed.lovable.app/,https://www.google.com/maps/place/CBD+The+Magic+Weed/data=!4m7!3m6!1s0x12c9e9505a51a8cd:0x462910ac482bea42!8m2!3d43.2926548!4d5.3796795!16s%2Fg%2F11n38xdcgy!19sChIJzahRWlDpyRIRQuorSKwQKUY?authuser=0&hl=fr&g_ep=EgoyMDI2MDkxMy4wIJJjKgBIAVAD&rclk=1,,gmb
Marseille,boutique CBD,Maison Maryjane CBD - Marseille Lodi,"87 Rue de Lodi, 13006 Marseille, France",+33963510288,contact@maison-maryjane.com,https://www.maison-maryjane.com/,https://www.google.com/maps/place/Maison+Maryjane+CBD+-+Marseille+Lodi/data=!4m7!3m6!1s0x12c9c1f0a0535025:0x76c5d667d49b48d0!8m2!3d43.2887179!4d5.3879996!16s%2Fg%2F11z6pqy7qg!19sChIJJVBToPDByRIR0Eib1GfWxXY?authuser=0&hl=fr&g_ep=EgoyMDI2MDkxMy4wIJJjKgBIAVAD&rclk=1,,gmb
Marseille,boutique CBD,Zenzen,"289 bis, 289 Av. de la Capelette, 13010 Marseille, France",+33661564265,contact@zenzencbdshop.fr,https://zenzencbdshop.fr/,https://www.google.com/maps/place/Zenzen/data=!4m7!3m6!1s0x12c9bf4466d29f0b:0xc5c40cdf10bcd868!8m2!3d43.2792871!4d5.4134478!16s%2Fg%2F11nnnpp571!19sChIJC5_SZkS_yRIRaNi8EN8MxMU?authuser=0&hl=fr&g_ep=EgoyMDI2MDkxMy4wIJJjKgBIAVAD&rclk=1,,gmb
Marseille,boutique CBD,The Bulldog Marseille,"2b Rue d'Isoard, 13001 Marseille, France",+33625179524,m.d.l.distribution13@gmail.com,https://thebulldog13.myshopify.com/,https://www.google.com/maps/place/The+Bulldog+Marseille/data=!4m7!3m6!1s0x12c9c12ad37f63ff:0xa0346b140838a580!8m2!3d43.3013079!4d5.3913012!16s%2Fg%2F11l5hh1765!19sChIJ_2N_0yrByRIRgKU4CBRrNKA?authuser=0&hl=fr&g_ep=EgoyMDI2MDkxMy4wIJJjKgBIAVAD&rclk=1,,gmb
Marseille,boutique CBD,My CBD,"74 Av. de Mazargues, 13008 Marseille, France",+33484263970,contact@mycbd-marseille08.fr,https://www.mycbd-marseille08.fr/,"https://www.google.com/maps/place/My+CBD/@43.2677184,5.389068,17z/data=!3m1!4b1!4m6!3m5!1s0x12c9c7ed28ecd00f:0x4783132fab6c85ef!8m2!3d43.2677184!4d5.389068!16s%2Fg%2F11t0mgrljk?authuser=0&hl=fr&entry=ttu&g_ep=EgoyMDI2MDkxNC4wIKXMDSoASAFQAw%3D%3D",,gmb
Marseille,boutique CBD,Le bon coin CBD puissant.,"2 Rue Fontange, 13006 Marseille, France",,,https://linktr.ee/Le_contact,"https://www.google.com/maps/place/Le+bon+coin+CBD+puissant./@43.292695,5.3853409,17z/data=!3m1!4b1!4m6!3m5!1s0x12c9c11471d329f1:0xb0a7bb8f8ca639!8m2!3d43.292695!4d5.3853409!16s%2Fg%2F11zwzbzjjy?authuser=0&hl=fr&entry=ttu&g_ep=EgoyMDI2MDkxNC4wIKXMDSoASAFQAw%3D%3D",,gmb
Marseille,boutique CBD,Tivert CBD,"La Canebière, 13001 Marseille, France",+33621219321,,http://www.tivert.fr/,"https://www.google.com/maps/place/Tivert+CBD/@43.2971924,5.3798992,17z/data=!3m1!4b1!4m6!3m5!1s0x12c9c1a65c723099:0x354a4a771929e45b!8m2!3d43.2971924!4d5.3798992!16s%2Fg%2F11w3j0g_5b?authuser=0&hl=fr&entry=ttu&g_ep=EgoyMDI2MDkxNC4wIKXMDSoASAFQAw%3D%3D",,gmb
Marseille,boutique CBD,Weedogram,"5 Rue Fontange, 13006 Marseille, France",+33491483153,highsociety.fr@gmail.com,https://www.highsociety.fr/fr/?aff=60,"https://www.google.com/maps/place/Weedogram/@43.2928114,5.3855404,17z/data=!3m1!4b1!4m6!3m5!1s0x12c9c13ee5af526f:0xa0cebe293709b481!8m2!3d43.2928114!4d5.3855404!16s%2Fg%2F11f6zv0tk9?authuser=0&hl=fr&entry=ttu&g_ep=EgoyMDI2MDkxNC4wIKXMDSoASAFQAw%3D%3D",,gmb
Marseille,boutique CBD,Stilla Store,"30a Rue des trois Mages, 13006 Marseille, France",+33491379913,,https://marseille.stilla-laboratoire.com/,"https://www.google.com/maps/place/Stilla+Store/@43.2946163,5.3846442,17z/data=!3m1!4b1!4m6!3m5!1s0x12c9c14ac029a061:0x3bc63bd753f9c186!8m2!3d43.2946163!4d5.3846442!16s%2Fg%2F11qp20zfg9?authuser=0&hl=fr&entry=ttu&g_ep=EgoyMDI2MDkxNC4wIKXMDSoASAFQAw%3D%3D",,gmb
Marseille,boutique CBD,Calm and Co Marseille - Votre expert CBD & Vape,"77 Bd de la Concorde, 13009 Marseille, France",+33970669078,contact@calmandco.fr,https://calmandco.fr/,"https://www.google.com/maps/place/Calm+and+Co+Marseille+-+Votre+expert+CBD+%26+Vape/@43.248043,5.4010928,17z/data=!3m1!4b1!4m6!3m5!1s0x12c9b92605617301:0xcc3e30679d6c7615!8m2!3d43.248043!4d5.4010928!16s%2Fg%2F11j4w_kqr_?authuser=0&hl=fr&entry=ttu&g_ep=EgoyMDI2MDkxNC4wIKXMDSoASAFQAw%3D%3D",,gmb
Marseille,boutique CBD,Happesmoke - Boutique Cigarette électronique / CBD - Auchan Saint Loup,"Centre commercial Auchan Saint Loup (rdc, 57 Bd Romain Rolland, 13010 Marseille, France",+33672172195,contact@happesmoke.com,https://happesmoke.com/fr/,"https://www.google.com/maps/place/Happesmoke+-+Boutique+Cigarette+%C3%A9lectronique+%2F+CBD+-+Auchan+Saint+Loup/@43.2791708,5.4250483,17z/data=!3m1!4b1!4m6!3m5!1s0x12c9bfa34f83052d:0xc6b2202b7abd6868!8m2!3d43.2791708!4d5.4250483!16s%2Fg%2F11lkz9206q?authuser=0&hl=fr&entry=ttu&g_ep=EgoyMDI2MDkxNC4wIKXMDSoASAFQAw%3D%3D",https://www.pagesjaunes.fr/pros/63122498,pagesjaunes
Marseille,boutique CBD,La Ferme en Herbe - CBD Shop,"68 Cr Franklin Roosevelt, 13005 Marseille, France",+33668818782,contact@lafermeenherbe.fr,https://www.lafermeenherbe.fr/,"https://www.google.com/maps/place/La+Ferme+en+Herbe+-+CBD+Shop/@43.29875,5.3894088,17z/data=!3m1!4b1!4m6!3m5!1s0x87a04a111a184145:0xa707904c6fc52732!8m2!3d43.29875!4d5.3894088!16s%2Fg%2F11q46gq9tr?authuser=0&hl=fr&entry=ttu&g_ep=EgoyMDI2MDkxNC4wIKXMDSoASAFQAw%3D%3D",,gmb
Marseille,boutique CBD,Phone and CBD - Réparation iPhone Marseille 13006,"2 Rue Armény, 13006 Marseille, France",+33465856206,contact.gsmbusiness13@gmail.com,https://phoneandcbd.fr/,"https://www.google.com/maps/place/Phone+and+CBD+-+R%C3%A9paration+iPhone+Marseille+13006/@43.2911951,5.3802969,17z/data=!3m1!4b1!4m6!3m5!1s0x85d29d7740ff5fcf:0x91177265129b7c33!8m2!3d43.2911951!4d5.3802969!16s%2Fg%2F11pcdn9f82?authuser=0&hl=fr&entry=ttu&g_ep=EgoyMDI2MDkxNC4wIKXMDSoASAFQAw%3D%3D",,gmb
Marseille,boutique CBD,SAUVAGE LAB - VAPE & CBD - CIGARETTE ELECTRONIQUE,"53 Rue des Vertus, 13005 Marseille, France",+33984582621,info@sauvage-lab.fr,https://www.sauvage-lab.fr/,"https://www.google.com/maps/place/SAUVAGE+LAB+-+VAPE+%26+CBD+-+CIGARETTE+ELECTRONIQUE/@43.2897859,5.3923047,17z/data=!3m1!4b1!4m6!3m5!1s0x12c9c1d5836841d7:0xb4321cc9bc5b0079!8m2!3d43.2897859!4d5.3923047!16s%2Fg%2F11xzvt_fkt?authuser=0&hl=fr&entry=ttu&g_ep=EgoyMDI2MDkxNC4wIKXMDSoASAFQAw%3D%3D",,gmb
Marseille,boutique CBD,Zea High Land,"6 Pl. Pierre Roux, 13005 Marseille, France",,,http://www.zeahighland.com/,"https://www.google.com/maps/place/Zea+High+Land/@43.2854577,5.3951725,17z/data=!3m1!4b1!4m6!3m5!1s0x12c9bfbb9ca72373:0xab85ca1e7cfe536b!8m2!3d43.2854577!4d5.3951725!16s%2Fg%2F11sf02l01b?authuser=0&hl=fr&entry=ttu&g_ep=EgoyMDI2MDkxNC4wIKXMDSoASAFQAw%3D%3D",,gmb
Marseille,boutique CBD,CBD Marseille Bonneveine Mon Petit Herbier,"112 Centre Commercial Carrefour, Av. de Hambourg, 13008 Marseille, France",+33782949989,,https://www.monpetitherbier.com/,"https://www.google.com/maps/place/CBD+Marseille+Bonneveine+Mon+Petit+Herbier/@43.249057,5.3897326,17z/data=!3m1!4b1!4m6!3m5!1s0x12c9c7758fe6bff3:0x5b090a9ebbaf7979!8m2!3d43.249057!4d5.3897326!16s%2Fg%2F11pr3zcyr1?authuser=0&hl=fr&entry=ttu&g_ep=EgoyMDI2MDkxNC4wIKXMDSoASAFQAw%3D%3D",,gmb
Marseille,boutique CBD,klub bicy CBD Marseille,"12 Rue Commandant Imhaus, 13006 Marseille, France",,,https://klubbicy.fr/,"https://www.google.com/maps/place/klub+bicy+CBD+Marseille/@43.2874546,5.3855564,17z/data=!3m1!4b1!4m6!3m5!1s0x12c9c156c7096039:0x64e950abc9d3e7d6!8m2!3d43.2874546!4d5.3855564!16s%2Fg%2F11xnqr2b44?authuser=0&hl=fr&entry=ttu&g_ep=EgoyMDI2MDkxNC4wIKXMDSoASAFQAw%3D%3D",,gmb
Marseille,boutique CBD,Grossiste CBD ⎮ La qualité au meilleur prix,"207 Rue Breteuil, 13006 Marseille, France",+33652304844,contact@grossiste-cbd.com,https://grossiste-cbd.com/,"https://www.google.com/maps/place/Grossiste+CBD+%E2%8E%AE+La+qualit%C3%A9+au+meilleur+prix/@43.2821868,5.3792801,17z/data=!3m1!4b1!4m6!3m5!1s0x12c9c1f8bd2234df:0xfe6fb4030a7f3356!8m2!3d43.2821868!4d5.3792801!16s%2Fg%2F11svj5q65t?authuser=0&hl=fr&entry=ttu&g_ep=EgoyMDI2MDkxNC4wIKXMDSoASAFQAw%3D%3D",,gmb
Marseille,boutique CBD,Le Vapoteur Discount,"125 Rue de Rome, 13006 Marseille, France",+33412290244,,https://www.levapoteur-discount.fr/nos-magasins/provence-alpes-cote-d-azur/1-marseille,"https://www.google.com/maps/place/Le+Vapoteur+Discount/@43.2901537,5.3815856,17z/data=!3m1!4b1!4m6!3m5!1s0x12c9c12b40dc5f67:0xb726d648a38ba518!8m2!3d43.2901537!4d5.3815856!16s%2Fg%2F11x34ks7f2?authuser=0&hl=fr&entry=ttu&g_ep=EgoyMDI2MDkxNC4wIKXMDSoASAFQAw%3D%3D",,gmb
Marseille,boutique CBD,HappeSmoke Cigarettes électroniques & CBD • Terrasses du Port,"Les Terrasses du Port, 9 Quai du Lazaret 1ère étage, 13002 Marseille, France",+33491904474,,https://marseille-terrasses-du-port.happesmoke.com/,"https://www.google.com/maps/place/HappeSmoke+Cigarettes+%C3%A9lectroniques+%26+CBD+%E2%80%A2+Terrasses+du+Port/@43.3067346,5.3641865,17z/data=!3m1!4b1!4m6!3m5!1s0x12c9c1988ef3d0c5:0xa8d45c7c4f9d1f69!8m2!3d43.3067346!4d5.3641865!16s%2Fg%2F11jz794_7n?authuser=0&hl=fr&entry=ttu&g_ep=EgoyMDI2MDkxNC4wIKXMDSoASAFQAw%3D%3D",,gmb
Marseille,boutique CBD,O POCHON MAGIC,"27 Bd de la Libération, 13001 Marseille, France",+33748566094,,http://opochonmagic.fr/,"https://www.google.com/maps/place/O+POCHON+MAGIC/@43.2996799,5.3867672,17z/data=!3m1!4b1!4m6!3m5!1s0x12c9c1748648111d:0x51385475ba228e1e!8m2!3d43.2996799!4d5.3867672!16s%2Fg%2F11ym3vr3lq?authuser=0&hl=fr&entry=ttu&g_ep=EgoyMDI2MDkxNC4wIKXMDSoASAFQAw%3D%3D",,gmb
Marseille,boutique CBD,Novarev - Grossiste CBD - Marseille,"193 Rue de Rome, 13006 Marseille, France",+33614596691,contact@legrossistecbd.com,https://legrossistecbd.com/?ref=cbdecrypteur,"https://www.google.com/maps/place/Novarev+-+Grossiste+CBD+-+Marseille/@43.2874205,5.3830969,17z/data=!3m1!4b1!4m6!3m5!1s0x12c9c1768530167b:0xea1848e633cf4d70!8m2!3d43.2874205!4d5.3830969!16s%2Fg%2F11qn88c6_n?authuser=0&hl=fr&entry=ttu&g_ep=EgoyMDI2MDkxNC4wIKXMDSoASAFQAw%3D%3D",,gmb
Marseille,boutique CBD,Relax Mood + (DISTRIBUTEUR) 24/24 La Valentine,"151 Rte des Trois Lucs à la Valentine, 13011 Marseille, France",+33781741814,relaxmood.pro@gmail.com,https://relaxmood.fr/,"https://www.google.com/maps/place/Relax+Mood+%2B+(DISTRIBUTEUR)+24%2F24+La+Valentine/@43.3041434,5.4746679,17z/data=!3m1!4b1!4m6!3m5!1s0x12c9bf2346ae54e7:0xc369e9bc5d9d243!8m2!3d43.3041434!4d5.4746679!16s%2Fg%2F11sjy8chm3?authuser=0&hl=fr&entry=ttu&g_ep=EgoyMDI2MDkxNC4wIKXMDSoASAFQAw%3D%3D",,gmb
Marseille,boutique CBD,VAPO VAPO - CIGARETTES ELECTRONIQUES & CBD,"62 Bd Baille, 13006 Marseille, France",+33986790589,,https://vapovapo.fr/,"https://www.google.com/maps/place/VAPO+VAPO+-+CIGARETTES+ELECTRONIQUES+%26+CBD/@43.28714,5.38885,17z/data=!3m1!4b1!4m6!3m5!1s0x12c9c16dd204ab0f:0xdb1f692400bf5e9a!8m2!3d43.28714!4d5.38885!16s%2Fg%2F11vxw9cl1r?authuser=0&hl=fr&entry=ttu&g_ep=EgoyMDI2MDkxNC4wIKXMDSoASAFQAw%3D%3D",,gmb
Marseille,boutique CBD,Greendogs Cbd,"116 Bd de la Pomme, 13011 Marseille, France",+33695703599,,http://www.greendogs.fr/,"https://www.google.com/maps/place/Greendogs+Cbd/@43.2915193,5.4446638,17z/data=!3m1!4b1!4m6!3m5!1s0x12c9c0acb9900001:0x699d2e0d634d5a20!8m2!3d43.2915193!4d5.4446638!16s%2Fg%2F11rv6h8f98?authuser=0&hl=fr&entry=ttu&g_ep=EgoyMDI2MDkxNC4wIKXMDSoASAFQAw%3D%3D",,gmb
Marseille,boutique CBD,"HappeSmoke Cigarette électronique , E liquide et CBD Marseille 7ème ENDOUME CATALANS PHARO","3 Av. Pasteur, 13007 Marseille, France",+33491352378,,https://marseille-pharo.happesmoke.com/,"https://www.google.com/maps/place/HappeSmoke+Cigarette+%C3%A9lectronique+,+E+liquide+et+CBD+Marseille+7%C3%A8me+ENDOUME+CATALANS+PHARO/@43.2917133,5.3594387,17z/data=!3m1!4b1!4m6!3m5!1s0x12c9c10995b8d94d:0x3dd97bee6dba0ecc!8m2!3d43.2917133!4d5.3594387!16s%2Fg%2F11xrpg25hy?authuser=0&hl=fr&entry=ttu&g_ep=EgoyMDI2MDkxNC4wIKXMDSoASAFQAw%3D%3D",,gmb
Marseille,boutique CBD,El MEXICANO CBD,"69 Rue du Rouet, 13008 Marseille, France",,contact@elmexicanocbd.com,https://elmexicanocbd.com/,"https://www.google.com/maps/place/El+MEXICANO+CBD/@43.2817761,5.388999,17z/data=!3m1!4b1!4m6!3m5!1s0x12c9c1e5a739853f:0x7a18acc5eb99b55f!8m2!3d43.2817761!4d5.388999!16s%2Fg%2F11xmnjxhnt?authuser=0&hl=fr&entry=ttu&g_ep=EgoyMDI2MDkxNC4wIKXMDSoASAFQAw%3D%3D",,gmb
Marseille,boutique CBD,LheureH,"9 Rue de Provence, 13004 Marseille, France",+33687428279,contact@lheureh.fr,http://heureh.fr/,"https://www.google.com/maps/place/LheureH/@43.3017679,5.3967829,17z/data=!3m1!4b1!4m6!3m5!1s0x12c9bf48f31b0d69:0x7a756e3f95c57154!8m2!3d43.3017679!4d5.3967829!16s%2Fg%2F11tt4jwkpl?authuser=0&hl=fr&entry=ttu&g_ep=EgoyMDI2MDkxNC4wIKXMDSoASAFQAw%3D%3D",,gmb
Marseille,boutique CBD,Relais vox shop,"5 Grand’Rue, 13012 Marseille, France",+33660621682,relaisduvillage13012@gmail.com,http://voxcbdshop.me/,"https://www.google.com/maps/place/Relais+vox+shop/@43.303373,5.451083,17z/data=!3m1!4b1!4m6!3m5!1s0x12c9bf175afe21a3:0x10ab7455a3e20568!8m2!3d43.303373!4d5.451083!16s%2Fg%2F11z2xfhh14?authuser=0&hl=fr&entry=ttu&g_ep=EgoyMDI2MDkxNC4wIKXMDSoASAFQAw%3D%3D",,gmb
Marseille,boutique CBD,MASTER PRO VAPE (MPV),"132 Av. du Prado, 13008 Marseille, France",+33954482247,contact@masterprovape.fr,http://www.masterprovape.fr/,"https://www.google.com/maps/place/MASTER+PRO+VAPE+(MPV)/@43.2801132,5.3865064,17z/data=!3m1!4b1!4m6!3m5!1s0x12c9c0acd349b803:0xc7d06576a3a40f48!8m2!3d43.2801132!4d5.3865064!16s%2Fg%2F1hm4_9yfr?authuser=0&hl=fr&entry=ttu&g_ep=EgoyMDI2MDkxNC4wIKXMDSoASAFQAw%3D%3D",,gmb
Marseille,boutique CBD,GREEN LABEL BIO,"CENTRE COMMERCIAL DE LA ROUVIERE, 83 Bd du Redon, 13009 Marseille, France",+33610824346,,https://www.greenlabel-marseille.fr/,"https://www.google.com/maps/place/GREEN+LABEL+BIO/@43.2528281,5.4229023,17z/data=!3m1!4b1!4m6!3m5!1s0x12c9b98731740ba3:0x505307e0829c5aec!8m2!3d43.2528281!4d5.4229023!16s%2Fg%2F11qbs95_sj?authuser=0&hl=fr&entry=ttu&g_ep=EgoyMDI2MDkxNC4wIKXMDSoASAFQAw%3D%3D",,gmb
Marseille,boutique CBD,AM-ZEN CBD,"83 Bd du Redon, 13009 Marseille, France",+33626887999,,https://www.am-zen.fr/,"https://www.google.com/maps/place/AM-ZEN+CBD/@43.2532279,5.4228964,17z/data=!3m1!4b1!4m6!3m5!1s0x12c9b99f7e843c91:0x5337291fb8f6a749!8m2!3d43.2532279!4d5.4228964!16s%2Fg%2F11y995hjrf?authuser=0&hl=fr&entry=ttu&g_ep=EgoyMDI2MDkxNC4wIKXMDSoASAFQAw%3D%3D",,gmb
Marseille,boutique CBD,Boutique Aroma-Zone Marseille,"74-76 Rue Saint-Ferréol, 13006 Marseille, France",+33413355000,,https://www.aroma-zone.com/content/boutique-aroma-zone-marseille,"https://www.google.com/maps/place/Boutique+Aroma-Zone+Marseille/@43.2920433,5.3788541,17z/data=!3m1!4b1!4m6!3m5!1s0x12c9c1f6b273ae3b:0x4a09a688e51285d2!8m2!3d43.2920433!4d5.3788541!16s%2Fg%2F11rtzjlj9h?authuser=0&hl=fr&entry=ttu&g_ep=EgoyMDI2MDkxNC4wIKXMDSoASAFQAw%3D%3D",,gmb
Marseille,boutique CBD,Le bon pot,"26 Rue d'Isoard, 13001 Marseille, France",+33619786576,thekenzaclub@proton.me,https://www.kenzaclub.shop/,"https://www.google.com/maps/place/Le+bon+pot/@43.3028262,5.3900901,17z/data=!3m1!4b1!4m6!3m5!1s0x12c9c09e954c0001:0x769ca775d2b96474!8m2!3d43.3028262!4d5.3900901!16s%2Fg%2F11nfvtzypn?authuser=0&hl=fr&entry=ttu&g_ep=EgoyMDI2MDkxNC4wIKXMDSoASAFQAw%3D%3D",,gmb
Marseille,boutique CBD,le grenier à cbd,,+33674008756,,https://le-grenier-a-cbd.fr/,"https://www.google.com/maps/place/le+grenier+%C3%A0+cbd/@30.6959409,-49.8171262,3z/data=!3m1!4b1!4m6!3m5!1s0x12c9c1e5d12230d9:0xb59756dcd3a0e31d!8m2!3d30.6959409!4d-49.8171262!16s%2Fg%2F11py0ckrv7?authuser=0&hl=fr&entry=ttu&g_ep=EgoyMDI2MDkxNC4wIKXMDSoASAFQAw%3D%3D",,gmb
Marseille,boutique CBD,La Traverse de Balkis,"1 Rue des Trois Rois, 13006 Marseille, France",+33628017064,,http://latraversedebalkis.com/,"https://www.google.com/maps/place/La+Traverse+de+Balkis/@43.2944966,5.3846011,17z/data=!3m1!4b1!4m6!3m5!1s0x12c9c0a4a0df1f8f:0x26a675661a301cbc!8m2!3d43.2944966!4d5.3846011!16s%2Fg%2F11q1j7td5h?authuser=0&hl=fr&entry=ttu&g_ep=EgoyMDI2MDkxNC4wIKXMDSoASAFQAw%3D%3D",,gmb
Marseille,boutique CBD,Dream Clope,"de la 23 Square Pauline, 296 Bd Romain Rolland, 13009 Marseille, France",+33966823256,dreamclope@gmail.com,http://www.dreamclope.com/,"https://www.google.com/maps/place/Dream+Clope/@43.2727713,5.4113101,17z/data=!3m1!4b1!4m6!3m5!1s0x12c9b8b68d6bdf23:0x1777ed1c3d7a704c!8m2!3d43.2727713!4d5.4113101!16s%2Fg%2F12hr3nfkk?authuser=0&hl=fr&entry=ttu&g_ep=EgoyMDI2MDkxNC4wIKXMDSoASAFQAw%3D%3D",,gmb
Marseille,boutique CBD,VapoteleC,"62 Rue Roger Brun, 13005 Marseille, France",+33491831370,contact@vapotelec.com,https://www.vapotelec.com/,"https://www.google.com/maps/place/VapoteleC/@43.285602,5.3928841,17z/data=!3m1!4b1!4m6!3m5!1s0x12c9c0a9ebaf413b:0x2943317ec5dc6646!8m2!3d43.285602!4d5.3928841!16s%2Fg%2F12lkb5j2w?authuser=0&hl=fr&entry=ttu&g_ep=EgoyMDI2MDkxNC4wIKXMDSoASAFQAw%3D%3D",,gmb
Marseille,boutique CBD,Haze Family,"96 Rue Jean Mermoz, 13008 Marseille, France",+33670746315,contact@hazefamily.fr,https://hazefamily.fr/,"https://www.google.com/maps/place/Haze+Family/@43.2740723,5.3869746,17z/data=!3m1!4b1!4m6!3m5!1s0x12c9c777a8811655:0xd47080368bed39c!8m2!3d43.2740723!4d5.3869746!16s%2Fg%2F11nyqkfpzw?authuser=0&hl=fr&entry=ttu&g_ep=EgoyMDI2MDkxNC4wIKXMDSoASAFQAw%3D%3D",,gmb
Marseille,boutique CBD,MyCig - Cigarette electronique à Marseille,"74 bis Av. de Mazargues, 13008 Marseille, France",+33484263970,,https://www.mycig.fr/,"https://www.google.com/maps/place/MyCig+-+Cigarette+electronique+%C3%A0+Marseille/@43.2676068,5.3891497,17z/data=!3m1!4b1!4m6!3m5!1s0x12c9c7597be11e2d:0x72d259418d06298d!8m2!3d43.2676068!4d5.3891497!16s%2Fg%2F11gfj3y_sb?authuser=0&hl=fr&entry=ttu&g_ep=EgoyMDI2MDkxNC4wIKXMDSoASAFQAw%3D%3D",,gmb
Marseille,boutique CBD,HappeSmoke Cigarettes électroniques & CBD • Les Caillols,"Centre Commercial Intermarché, 81 Av. William Booth, 13012 Marseille, France",+33496221437,,https://marseille-caillols.happesmoke.com/,"https://www.google.com/maps/place/HappeSmoke+Cigarettes+%C3%A9lectroniques+%26+CBD+%E2%80%A2+Les+Caillols/@43.2956543,5.4432438,17z/data=!3m1!4b1!4m6!3m5!1s0x12c9beddb42390a3:0x27e1cac7f7e5df11!8m2!3d43.2956543!4d5.4432438!16s%2Fg%2F1yg6npygm?authuser=0&hl=fr&entry=ttu&g_ep=EgoyMDI2MDkxNC4wIKXMDSoASAFQAw%3D%3D",,gmb
Marseille,boutique CBD,"CARTS, GELATO,CBD OIL","45 Rue de Lyon, 13015 Marseille, France",,,https://wa.me/237672257426,"https://www.google.com/maps/place/CARTS,+GELATO,CBD+OIL/@43.3253192,5.3665354,17z/data=!3m1!4b1!4m6!3m5!1s0x12c9c1465bf7fb31:0x595af8f0ddf3fea!8m2!3d43.3253192!4d5.3665354!16s%2Fg%2F11zx4hdz4s?authuser=0&hl=fr&entry=ttu&g_ep=EgoyMDI2MDkxNC4wIKXMDSoASAFQAw%3D%3D",,gmb
Marseille,boutique CBD,MG VAPE,"87 Rue Borde, 13008 Marseille, France",+33484897063,,http://www.mgvape.com/,"https://www.google.com/maps/place/MG+VAPE/@43.2796753,5.3937424,17z/data=!3m1!4b1!4m6!3m5!1s0x12c9b8ac13c52e51:0xd81fd3b935602cc!8m2!3d43.2796753!4d5.3937424!16s%2Fg%2F11fxvsx0r6?authuser=0&hl=fr&entry=ttu&g_ep=EgoyMDI2MDkxNC4wIKXMDSoASAFQAw%3D%3D",,gmb
Marseille,boutique CBD,Marie Jeanne CBD - CBD Shop,"57 Mnt de Saint-Menet, 13011 Marseille, France",+33972640018,,http://mariejeanne-cbd.com/,"https://www.google.com/maps/place/Marie+Jeanne+CBD+-+CBD+Shop/@43.2939539,5.4938855,17z/data=!3m1!4b1!4m6!3m5!1s0x12c9bc45a8baaaab:0xc1ad1dfb8f4133e8!8m2!3d43.2939539!4d5.4938855!16s%2Fg%2F11gfp0_qvt?authuser=0&hl=fr&entry=ttu&g_ep=EgoyMDI2MDkxNC4wIKXMDSoASAFQAw%3D%3D",,gmb
Marseille,magasin CBD,Shop Boo Smoke - Cigarette Electronique - 13011 - la Valentine + (Distributeur automatique) 24/24,"151 Rte des Trois Lucs à la Valentine, 13011 Marseille, France",+33659409186,,https://boosmoke.com/,"https://www.google.com/maps/place/Shop+Boo+Smoke+-+Cigarette+Electronique+-+13011+-+la+Valentine+%2B+(Distributeur+automatique)+24%2F24/@43.3041472,5.4746893,17z/data=!3m1!4b1!4m6!3m5!1s0x8b20a336bd0ed629:0xc11a3a85e2c38483!8m2!3d43.3041472!4d5.4746893!16s%2Fg%2F11p5fnqtv7?authuser=0&hl=fr&entry=ttu&g_ep=EgoyMDI2MDkxNC4wIKXMDSoASAFQAw%3D%3D",,gmb
Marseille,magasin CBD,Centre Commercial Centre Bourse,"17 Cr Belsunce, 13001 Marseille, France",+33491140050,,https://bourse.klepierre.fr/,"https://www.google.com/maps/place/Centre+Commercial+Centre+Bourse/@43.2975871,5.3759814,17z/data=!3m1!4b1!4m6!3m5!1s0x12c9c0bf003d1895:0xc1cd892fa3ca827!8m2!3d43.2975871!4d5.3759814!16s%2Fg%2F11btw_gwxw?authuser=0&hl=fr&entry=ttu&g_ep=EgoyMDI2MDkxNC4wIKXMDSoASAFQAw%3D%3D",,gmb
Marseille,magasin CBD,Ma Clope La Valentine,"Rte de la Sablière, 13011 Marseille, France",+33762605110,,https://www.free.fr/boutiques/boutique-1454/,"https://www.google.com/maps/place/Ma+Clope+La+Valentine/@43.2944758,5.4765208,17z/data=!3m1!4b1!4m6!3m5!1s0x12c9bfd621effaf9:0xbeb29d34d7630bc5!8m2!3d43.2944758!4d5.4765208!16s%2Fg%2F11gh3cr608?authuser=0&hl=fr&entry=ttu&g_ep=EgoyMDI2MDkxNC4wIKXMDSoASAFQAw%3D%3D",https://www.pagesjaunes.fr/pros/61217554,pagesjaunes
Marseille,magasin CBD,HappeSmoke Cigarettes électroniques & CBD • Bonneveine,"Centre Commercial Carrefour Bonneveine, 112 Av. de Hambourg, 13008 Marseille, France",+33491332280,,https://marseille-bonneveine.happesmoke.com/,"https://www.google.com/maps/place/HappeSmoke+Cigarettes+%C3%A9lectroniques+%26+CBD+%E2%80%A2+Bonneveine/@43.2492025,5.3886904,17z/data=!3m1!4b1!4m6!3m5!1s0x12c9c7c6a8db023b:0x470df88b338d40a7!8m2!3d43.2492025!4d5.3886904!16s%2Fg%2F11ghng2kbl?authuser=0&hl=fr&entry=ttu&g_ep=EgoyMDI2MDkxNC4wIKXMDSoASAFQAw%3D%3D",,gmb
Marseille,magasin CBD,Like Cigarette Vape & CBD Shop,"22 Grand Rue, 13002 Marseille, France",+33486952327,contact@like-cigarette.fr,http://like-cigarette.fr,"https://www.google.com/maps/place/Like+Cigarette+Vape+%26+CBD+Shop/@43.2978178,5.3718069,17z/data=!3m1!4b1!4m6!3m5!1s0x12c9c0c06066716b:0x95c3b5c48b88a5ed!8m2!3d43.2978178!4d5.3718069!16s%2Fg%2F1ptxvflmm?authuser=0&hl=fr&entry=ttu&g_ep=EgoyMDI2MDkxNC4wIKXMDSoASAFQAw%3D%3D",https://www.pagesjaunes.fr/pros/55854960,pagesjaunes
Marseille,magasin CBD,Ma Clope Croix Rouge,"Av. Marcel Delprat, 13013 Marseille, France",+33625773375,,http://www.groupe-casino.fr/,"https://www.google.com/maps/place/Ma+Clope+Croix+Rouge/@43.3341516,5.4525216,17z/data=!3m1!4b1!4m6!3m5!1s0x12c9bfbfef943663:0x9402214839b7678c!8m2!3d43.3341516!4d5.4525216!16s%2Fg%2F11s_w25jxm?authuser=0&hl=fr&entry=ttu&g_ep=EgoyMDI2MDkxNC4wIKXMDSoASAFQAw%3D%3D",https://www.pagesjaunes.fr/pros/58954247,pagesjaunes
Marseille,magasin CBD,TENGRAMS,"65 Av. Jules Cantini, 13006 Marseille, France",+33975825762,serviceclient@white-rabbit.fr,http://www.tengrams.fr/,"https://www.google.com/maps/place/TENGRAMS/@43.2836463,5.3892926,17z/data=!3m1!4b1!4m6!3m5!1s0x12c9c0abf2955555:0x48ea10bd17342f93!8m2!3d43.2836463!4d5.3892926!16s%2Fg%2F11np3yzd1g?authuser=0&hl=fr&entry=ttu&g_ep=EgoyMDI2MDkxNC4wIKXMDSoASAFQAw%3D%3D",,gmb
Marseille,magasin CBD,CigaretteElec,"ZI DELTA, 57 Mnt de Saint-Menet, 13011 Marseille, France",+33972479112,,https://www.cigaretteelec.fr/,"https://www.google.com/maps/place/CigaretteElec/@43.2945897,5.4951174,17z/data=!3m1!4b1!4m6!3m5!1s0x12c9bd7606aa1a49:0x3319173d08e9dbe2!8m2!3d43.2945897!4d5.4951174!16s%2Fg%2F11ghpsm14b?authuser=0&hl=fr&entry=ttu&g_ep=EgoyMDI2MDkxNC4wIKXMDSoASAFQAw%3D%3D",,gmb
Marseille,magasin CBD,Herbs,"148 Trav. de la Martine, 13012 Marseille, France",+33465840207,,http://herbs-cbd.fr/,"https://www.google.com/maps/place/Herbs/@43.2999857,5.4754003,17z/data=!3m1!4b1!4m6!3m5!1s0x12c9be9dd58c9555:0xe783eed0768ee2d9!8m2!3d43.2999857!4d5.4754003!16s%2Fg%2F11vwhv90dq?authuser=0&hl=fr&entry=ttu&g_ep=EgoyMDI2MDkxNC4wIKXMDSoASAFQAw%3D%3D",,gmb
Marseille,magasin CBD,Boucherie LM,"140 Rue d'Endoume, 13007 Marseille, France",+33783161994,,http://swt.shibang-china.com,"https://www.google.com/maps/place/Boucherie+LM/@43.2866327,5.3631959,17z/data=!3m1!4b1!4m6!3m5!1s0x12c9c10940ea619d:0xd09ae8bd9b9b4b16!8m2!3d43.2866327!4d5.3631959!16s%2Fg%2F11f66rct64?authuser=0&hl=fr&entry=ttu&g_ep=EgoyMDI2MDkxNC4wIKXMDSoASAFQAw%3D%3D",https://www.pagesjaunes.fr/pros/60216369,pagesjaunes
Marseille,magasin CBD,Les douceurs de Lodi,"58 Bd de Sainte-Marguerite, 13009 Marseille, France",+33777386079,,http://www.househarmonie.fr/,"https://www.google.com/maps/place/Les+douceurs+de+Lodi/@43.2683883,5.4047434,17z/data=!3m1!4b1!4m6!3m5!1s0x12c9c1c4e3af324d:0x1013433459e4ca89!8m2!3d43.2683883!4d5.4047434!16s%2Fg%2F11t0qx3cff?authuser=0&hl=fr&entry=ttu&g_ep=EgoyMDI2MDkxNC4wIKXMDSoASAFQAw%3D%3D",,gmb
Marseille,magasin CBD,Eden Stone,"61 Bd Françoise Duparc, 13004 Marseille, France",+33986134552,,https://edenstone.biz/,"https://www.google.com/maps/place/Eden+Stone/@43.3041977,5.4007099,17z/data=!3m1!4b1!4m6!3m5!1s0x12c9bfee8233ad13:0x8de27e23b15dc144!8m2!3d43.3041977!4d5.4007099!16s%2Fg%2F11w_s6_t47?authuser=0&hl=fr&entry=ttu&g_ep=EgoyMDI2MDkxNC4wIKXMDSoASAFQAw%3D%3D",,gmb
Marseille,magasin CBD,Pharmacie Prado Mermoz,"244 Av. du Prado, 13008 Marseille, France",+33491775964,,https://www.parapharmacie-et-medicament.com/,"https://www.google.com/maps/place/Pharmacie+Prado+Mermoz/@43.2751344,5.3894186,16z/data=!3m1!4b1!4m6!3m5!1s0x12c9c754035b4973:0x21fd66c510d57aeb!8m2!3d43.2751344!4d5.3894186!16s%2Fg%2F1td22myf?authuser=0&hl=fr&entry=ttu&g_ep=EgoyMDI2MDkxNC4wIKXMDSoASAFQAw%3D%3D",,gmb
Marseille,magasin CBD,Locker Mondial Relay,"80 Rue Saint-Sébastien, 13006 Marseille, France",,,https://www.mondialrelay.fr/,"https://www.google.com/maps/place/Locker+Mondial+Relay/@43.2818961,5.384431,17z/data=!3m1!4b1!4m6!3m5!1s0x12c9c1fdb5d6c345:0xd83d9a3d3ab96730!8m2!3d43.2818961!4d5.384431!16s%2Fg%2F11wy21p059?authuser=0&hl=fr&entry=ttu&g_ep=EgoyMDI2MDkxNC4wIKXMDSoASAFQAw%3D%3D",,gmb
Marseille,magasin CBD,Pharmacie du Stade Vélodrome,"16 Rue Negresko, 13008 Marseille, France",+33491764348,,https://www.pharmacie-stade-velodrome.com/?utm_source=gmb,"https://www.google.com/maps/place/Pharmacie+du+Stade+V%C3%A9lodrome/@43.2700898,5.3909366,16z/data=!3m1!4b1!4m6!3m5!1s0x12c9c759eec0b97b:0xadae45e3bb3d6ae5!8m2!3d43.2700898!4d5.3909366!16s%2Fg%2F1vxw5gmy?authuser=0&hl=fr&entry=ttu&g_ep=EgoyMDI2MDkxNC4wIKXMDSoASAFQAw%3D%3D",,gmb
Marseille,magasin CBD,Allo Frangin |,"61 Bd Françoise Duparc, 13004 Marseille, France",+33614099637,,https://allo-frangin.com,"https://www.google.com/maps/place/Allo+Frangin+%7C/@43.3041965,5.4007209,17z/data=!3m1!4b1!4m6!3m5!1s0x12c9c0902d8a7f9d:0x1f1b48553337f8b5!8m2!3d43.3041965!4d5.4007209!16s%2Fg%2F11hyl5xg31?authuser=0&hl=fr&entry=ttu&g_ep=EgoyMDI2MDkxNC4wIKXMDSoASAFQAw%3D%3D",https://www.pagesjaunes.fr/pros/61028824,pagesjaunes
Marseille,magasin CBD,La Cabane À Ga,"32 Rue Henri Tasso, 13002 Marseille, France",+33761890413,,http://la-cabane-a-ga.sumupstore.com/,"https://www.google.com/maps/place/La+Cabane+%C3%80+Ga/@43.2969191,5.3660565,17z/data=!3m1!4b1!4m6!3m5!1s0x12c9c105e9a7df9b:0xe0f80dcdffcba83b!8m2!3d43.2969191!4d5.3660565!16s%2Fg%2F11h1bzfvl2?authuser=0&hl=fr&entry=ttu&g_ep=EgoyMDI2MDkxNC4wIKXMDSoASAFQAw%3D%3D",,gmb
Marseille,magasin CBD,GLASSBLOWING / Soufflage de verre,"33 Rue Levat, 13003 Marseille, France",+33695435598,contact@requinrenard.fr,http://www.requinrenard.fr/,"https://www.google.com/maps/place/GLASSBLOWING+%2F+Soufflage+de+verre/@43.3103296,5.3850739,17z/data=!3m1!4b1!4m6!3m5!1s0x12c9c18a3e2ba657:0x6423f7e473c34ca5!8m2!3d43.3103296!4d5.3850739!16s%2Fg%2F11hds5_4g0?authuser=0&hl=fr&entry=ttu&g_ep=EgoyMDI2MDkxNC4wIKXMDSoASAFQAw%3D%3D",,gmb
Marseille,magasin CBD,SweetcbdFrance,"10 Rue des Ponts, 13015 Marseille, France",+33627592188,contact.hkdistribution@gmail.com,https://sweetcbdfrance.com/,"https://www.google.com/maps/place/SweetcbdFrance/@43.365994,5.3649133,17z/data=!3m1!4b1!4m6!3m5!1s0x12c9eb3a3660aee5:0x4f7943a616a0bdf5!8m2!3d43.365994!4d5.3649133!16s%2Fg%2F11t056gz1c?authuser=0&hl=fr&entry=ttu&g_ep=EgoyMDI2MDkxNC4wIKXMDSoASAFQAw%3D%3D",,gmb
Marseille,magasin CBD,UPS Access Point,"PHONE & CBD REPARATION SMARTPHONE 13, 13006 Marseille, France",,,https://www.ups.com/fr/fr/services/e-commerce/access-point-network.page,"https://www.google.com/maps/place/UPS+Access+Point/@43.2911526,5.3803703,17z/data=!3m1!4b1!4m6!3m5!1s0x12c9c16afbf8c3eb:0x870f8a3e15ba5518!8m2!3d43.2911526!4d5.3803703!16s%2Fg%2F11t46rdqt7?authuser=0&hl=fr&entry=ttu&g_ep=EgoyMDI2MDkxNC4wIKXMDSoASAFQAw%3D%3D",,gmb
Marseille,magasin CBD,PURE VAPE Cigarettes électroniques & CBD Connection,"710 Rte de Marseille, 13400 Aubagne, France",+33620050251,jean-charlespascal@orange.fr,https://purevape.netlify.app/#,"https://www.google.com/maps/place/PURE+VAPE+Cigarettes+%C3%A9lectroniques+%26+CBD+Connection/@43.2855914,5.5541083,17z/data=!3m1!4b1!4m6!3m5!1s0x12c9bda2791ececf:0x5545329422933e05!8m2!3d43.2855914!4d5.5541083!16s%2Fg%2F11yy35m19x?authuser=0&hl=fr&entry=ttu&g_ep=EgoyMDI2MDkxNC4wIKXMDSoASAFQAw%3D%3D",,gmb
Toulouse,boutique CBD,CBD Toulouse ® - Magasin CBD le plus spécialisé,"En face du siège du crédit agricole, 2 Rue Matabiau, 31000 Toulouse, France",+33627885159,cbdtoulouse@gmail.com,https://cbdtoulouse.fr/,https://www.google.com/maps/place/CBD+Toulouse+%C2%AE+-+Magasin+CBD+le+plus+sp%C3%A9cialis%C3%A9/data=!4m7!3m6!1s0x12aebd6167ee7319:0xedfd24c2e8a4abca!8m2!3d43.6096878!4d1.4467207!16s%2Fg%2F11f766_stq!19sChIJGXPuZ2G9rhIRyquk6MIk_e0?authuser=0&hl=fr&g_ep=EgoyMDI2MDkxNC4wIJJjKgBIAVAD&rclk=1,,gmb
Toulouse,boutique CBD,BAMBOO CBD Toulouse,"31 Rue Charles de Rémusat, 31000 Toulouse, France",+33567337284,contact@bamboo-cbd.com,https://bamboo-cbd.com/,https://www.google.com/maps/place/BAMBOO+CBD+Toulouse/data=!4m7!3m6!1s0x12aeb3a286d300d5:0x355ac57c9aeaaa05!8m2!3d43.606713!4d1.444782!16s%2Fg%2F11lgp0sm7b!19sChIJ1QDThqKzrhIRBarqmnzFWjU?authuser=0&hl=fr&g_ep=EgoyMDI2MDkxNC4wIJJjKgBIAVAD&rclk=1,,gmb
Toulouse,boutique CBD,CBD SHOP CBWEED,"38 Rue du Taur, 31000 Toulouse, France",+33766790312,,https://cbweed-toulouse.fr/,https://www.google.com/maps/place/CBD+SHOP+CBWEED/data=!4m7!3m6!1s0x12aebb4244f1065f:0x465fd81407c3c22a!8m2!3d43.6064389!4d1.4425865!16s%2Fg%2F11k3dp24_g!19sChIJXwbxREK7rhIRKsLDBxTYX0Y?authuser=0&hl=fr&g_ep=EgoyMDI2MDkxNC4wIJJjKgBIAVAD&rclk=1,https://www.pagesjaunes.fr/pros/62232786,pagesjaunes
Toulouse,boutique CBD,Les Chanvriers CBD - Toulouse,"61 Rue du Faubourg Bonnefoy, 31500 Toulouse, France",+33564724160,,https://leschanvrierscbd.fr/,https://www.google.com/maps/place/Les+Chanvriers+CBD+-+Toulouse/data=!4m7!3m6!1s0x12aebdb95954348b:0x464292b2b7bcbe39!8m2!3d43.6185797!4d1.4558292!16s%2Fg%2F11rq9fxz01!19sChIJizRUWbm9rhIROb68t7KSQkY?authuser=0&hl=fr&g_ep=EgoyMDI2MDkxNC4wIJJjKgBIAVAD&rclk=1,,gmb
Toulouse,boutique CBD,CBD Shop Toulouse Holypote – Coffee Shop,"6 rue reclusane CBD Shop Toulouse Holypote, 31300 Toulouse, France",+33963597005,pierre.l@holypote.fr,https://holypote.fr/,https://www.google.com/maps/place/CBD+Shop+Toulouse+Holypote+%E2%80%93+Coffee+Shop/data=!4m7!3m6!1s0x12aebb435a35746f:0x830c85767dde8978!8m2!3d43.5986646!4d1.4336599!16s%2Fg%2F11r9h_rv_f!19sChIJb3Q1WkO7rhIReInefXaFDIM?authuser=0&hl=fr&g_ep=EgoyMDI2MDkxNC4wIJJjKgBIAVAD&rclk=1,,gmb
Toulouse,boutique CBD,Natural Shop 65 | Toulouse CBD · CBN · CBG · HE,"13 Rue de Metz, 31000 Toulouse, France",+33783653149,shop@naturalshop65.com,https://naturalshop65.com/,https://www.google.com/maps/place/Natural+Shop+65+%7C+Toulouse+CBD+%C2%B7+CBN+%C2%B7+CBG+%C2%B7+HE/data=!4m7!3m6!1s0x12aebb6858d1a015:0x6c640499940376d0!8m2!3d43.6002412!4d1.442695!16s%2Fg%2F11q95h2bk7!19sChIJFaDRWGi7rhIR0HYDlJkEZGw?authuser=0&hl=fr&g_ep=EgoyMDI2MDkxNC4wIJJjKgBIAVAD&rclk=1,,gmb
Toulouse,boutique CBD,Four Twenty CBD Shop,"49 Rue Pargaminières, 31000 Toulouse, France",+33567686290,,http://www.420cbdtoulouse.fr/,https://www.google.com/maps/place/Four+Twenty+CBD+Shop/data=!4m7!3m6!1s0x12aebba33fd11241:0x8328a4d110501794!8m2!3d43.6042967!4d1.4386616!16s%2Fg%2F11ts9gd6lg!19sChIJQRLRP6O7rhIRlBdQENGkKIM?authuser=0&hl=fr&g_ep=EgoyMDI2MDkxNC4wIJJjKgBIAVAD&rclk=1,,gmb
Toulouse,boutique CBD,"La Serre, Marchand de CBD","22 Rue du Fourbastard, 31000 Toulouse, France",,,https://laserrecbd.com/,"https://www.google.com/maps/place/La+Serre,+Marchand+de+CBD/data=!4m7!3m6!1s0x12aebd35aa935b91:0x50c7395d730963bf!8m2!3d43.602466!4d1.44589!16s%2Fg%2F11r8t589t0!19sChIJkVuTqjW9rhIRv2MJc105x1A?authuser=0&hl=fr&g_ep=EgoyMDI2MDkxNC4wIJJjKgBIAVAD&rclk=1",,gmb
Toulouse,boutique CBD,Nature & CBD,"17 Av. Etienne Billières, 31300 Toulouse, France",+33534560110,,https://nature-et-cbd.com/,https://www.google.com/maps/place/Nature+%26+CBD/data=!4m7!3m6!1s0x12aebb5efe35dfc7:0x3e9781b5b58a8f43!8m2!3d43.5972295!4d1.4285771!16s%2Fg%2F11fx056bzx!19sChIJx981_l67rhIRQ4-KtbWBlz4?authuser=0&hl=fr&g_ep=EgoyMDI2MDkxNC4wIJJjKgBIAVAD&rclk=1,,gmb
Toulouse,magasin CBD,"Taverne CBD les Minimes - Shop spécialisé à Toulouse de CBN, CBG, HE & High","10 Av. des Minimes, 31200 Toulouse, France",+33561212466,contact@tavernecbd.com,https://tavernecbd.com/,"https://www.google.com/maps/place/Taverne+CBD+les+Minimes+-+Shop+sp%C3%A9cialis%C3%A9+%C3%A0+Toulouse+de+CBN,+CBG,+HE+%26+High/data=!4m7!3m6!1s0x12aebbb0e8d4971b:0x4bf7970eb97c924e!8m2!3d43.6166139!4d1.4373401!16s%2Fg%2F11whzmt6pq!19sChIJG5fU6LC7rhIRTpJ8uQ6X90s?authuser=0&hl=fr&g_ep=EgoyMDI2MDkxNC4wIJJjKgBIAVAD&rclk=1",,gmb
Toulouse,magasin CBD,Natukana CBD & Cigarette électronique - Toulouse - St Michel,"52 Gd Rue Saint-Michel, 31400 Toulouse, France",+33561757051,,https://natukanachanvre.com/,https://www.google.com/maps/place/Natukana+CBD+%26+Cigarette+%C3%A9lectronique+-+Toulouse+-+St+Michel/data=!4m7!3m6!1s0x12aebd55fe3cbebf:0xee9c22a2c2531698!8m2!3d43.5882836!4d1.4464596!16s%2Fg%2F11r_n6hlpt!19sChIJv748_lW9rhIRmBZTwqIinO4?authuser=0&hl=fr&g_ep=EgoyMDI2MDkxNC4wIJJjKgBIAVAD&rclk=1,,gmb
Nice,boutique CBD,CBD NICE - Elixir CBD Shop,"11 Rue Auguste Gal, 06300 Nice, France",+33764200698,contact@my-kieto.com,http://my-kieto.com,https://www.google.com/maps/place/CBD+NICE+-+Elixir+CBD+Shop/data=!4m7!3m6!1s0x12cddb861b1c247d:0x4b30291ee753536d!8m2!3d43.7024088!4d7.2847494!16s%2Fg%2F11z3wr003j!19sChIJfSQcG4bbzRIRbVNT5x4pMEs?authuser=0&hl=fr&g_ep=EgoyMDI2MDkxNS4wIJJjKgBIAVAD&rclk=1,https://www.pagesjaunes.fr/pros/61421224,pagesjaunes
Nice,boutique CBD,CBD QUEEN NICE,"11 Bd Gambetta, 06000 Nice, France",+33954183164,,https://cbdqueen.fr/,https://www.google.com/maps/place/CBD+QUEEN+NICE/data=!4m7!3m6!1s0x12cdd166abe533bf:0x9ad1d1c487d20143!8m2!3d43.6949473!4d7.2560963!16s%2Fg%2F11h4g8kmsc!19sChIJvzPlq2bRzRIRQwHSh8TR0Zo?authuser=0&hl=fr&g_ep=EgoyMDI2MDkxNS4wIJJjKgBIAVAD&rclk=1,,gmb
Nice,boutique CBD,CBD Stardawg Nice By CBD Queen,"42 Av. de la République, 06300 Nice, France",+33493268696,cbdstardawg@gmail.com,https://stardawg.fr/magasin-cbd-stardawg-nice/,https://www.google.com/maps/place/CBD+Stardawg+Nice+By+CBD+Queen/data=!4m7!3m6!1s0x12cddb0f124915e1:0xecf2d034bb1da070!8m2!3d43.7030773!4d7.2811978!16s%2Fg%2F11nz0v3l2y!19sChIJ4RVJEg_bzRIRcKAduzTQ8uw?authuser=0&hl=fr&g_ep=EgoyMDI2MDkxNS4wIJJjKgBIAVAD&rclk=1,,gmb
Nice,boutique CBD,CBD Nice - Flowers Power CBD Shop - Ventes fleurs huiles CBD résines infusions etc...,"19 Rue de l'Hôtel des Postes, 06000 Nice, France",+33493624035,nice@flowerspowercbdshop.fr,https://flowerspowercbdshop.fr/cbd-nice/,https://www.google.com/maps/place/CBD+Nice+-+Flowers+Power+CBD+Shop+-+Ventes+fleurs+huiles+CBD+r%C3%A9sines+infusions+etc.../data=!4m7!3m6!1s0x12cddb1da4970ce5:0xaf3b4a9bfb1c7301!8m2!3d43.7004185!4d7.2739709!16s%2Fg%2F11h0t114g8!19sChIJ5QyXpB3bzRIRAXMc-5tKO68?authuser=0&hl=fr&g_ep=EgoyMDI2MDkxNS4wIJJjKgBIAVAD&rclk=1,,gmb
Nice,boutique CBD,CBD Nice - Wood Shop CBD Nice Borriglione,"16 Av. Alfred Borriglione, 06100 Nice, France",+33423130305,woodcbdshop@gmail.com,http://www.woodcbdshop.com/,https://www.google.com/maps/place/CBD+Nice+-+Wood+Shop+CBD+Nice+Borriglione/data=!4m7!3m6!1s0x12cdd1526d28988f:0x8fb0fdbc3b519ecd!8m2!3d43.7119895!4d7.2620406!16s%2Fg%2F11ph6czx4d!19sChIJj5gobVLRzRIRzZ5RO7z9sI8?authuser=0&hl=fr&g_ep=EgoyMDI2MDkxNS4wIJJjKgBIAVAD&rclk=1,,gmb
Nice,boutique CBD,POWER CBD Vieux Nice 7J/7J,"14 Bd Jean Jaurès, 06300 Nice, France",+33954231710,,https://www.powercbd.fr/,https://www.google.com/maps/place/POWER+CBD+Vieux+Nice+7J%2F7J/data=!4m7!3m6!1s0x12cddb84d1a1b55b:0x1d20011ae821c5f4!8m2!3d43.6988417!4d7.2773144!16s%2Fg%2F11qr4g35fs!19sChIJW7Wh0YTbzRIR9MUh6BoBIB0?authuser=0&hl=fr&g_ep=EgoyMDI2MDkxNS4wIJJjKgBIAVAD&rclk=1,,gmb
Nice,boutique CBD,CBD Shop - Vieux Nice,"33 Rue Pairolière, 06300 Nice, France",+33982371136,,http://www.nice-cbd.fr/,https://www.google.com/maps/place/CBD+Shop+-+Vieux+Nice/data=!4m7!3m6!1s0x12cddb271b5801b9:0xf58046f087859b74!8m2!3d43.6991956!4d7.2787134!16s%2Fg%2F11sqqbd30b!19sChIJuQFYGyfbzRIRdJuFh_BGgPU?authuser=0&hl=fr&g_ep=EgoyMDI2MDkxNS4wIJJjKgBIAVAD&rclk=1,,gmb
Nice,boutique CBD,Distributeur CBD NICE 7j/7 24h/24 : CALIFORNISSA,"2 Rue Massena, Pass. Emile Négrin, 06000 Nice, France",+33422163570,,http://www.californissa.fr/,https://www.google.com/maps/place/Distributeur+CBD+NICE+7j%2F7+24h%2F24+:+CALIFORNISSA/data=!4m7!3m6!1s0x12cddb1f62bb773f:0xd3fde7bd69d34d07!8m2!3d43.6979847!4d7.2686523!16s%2Fg%2F11s5k5wsm6!19sChIJP3e7Yh_bzRIRB03Tab3n_dM?authuser=0&hl=fr&g_ep=EgoyMDI2MDkxNS4wIJJjKgBIAVAD&rclk=1,,gmb
Nice,boutique CBD,DRUGSTORE CBD,"4 Bis Quai Papacino, 06300 Nice, France",+33493142773,contact@nicematin.fr,https://www.nicematin.com/alpes-maritimes/nice?utm_source=pagesjaunes&utm_medium=referral&utm_campaign=partenariat_annuaire,https://www.google.com/maps/place/DRUGSTORE+CBD/data=!4m7!3m6!1s0x12cddbcf3ee9b6d5:0x7ffad5cf76bcb9bb!8m2!3d43.6978945!4d7.2835831!16s%2Fg%2F11nvjk_nh9!19sChIJ1bbpPs_bzRIRu7m8ds_V-n8?authuser=0&hl=fr&g_ep=EgoyMDI2MDkxNS4wIJJjKgBIAVAD&rclk=1,https://www.pagesjaunes.fr/pros/65277216,pagesjaunes
Nice,boutique CBD,CDUCBD à Nice,"1 bis Rue Vernier, 06000 Nice, France",+33769569367,contact@cducbd.com,https://cducbd.com/,https://www.google.com/maps/place/CDUCBD+%C3%A0+Nice/data=!4m7!3m6!1s0x12cdcfa36824310f:0xcd8105b1c75f7904!8m2!3d43.7073027!4d7.263227!16s%2Fg%2F11t0n7mkq6!19sChIJDzEkaKPPzRIRBHlfx7EFgc0?authuser=0&hl=fr&g_ep=EgoyMDI2MDkxNS4wIJJjKgBIAVAD&rclk=1,,gmb
Nice,boutique CBD,LS LAB FARM - CBD NICE,"8 Rue Amiral de Grasse, 06000 Nice, France",+33659325491,contact@cbd-nice.fr,https://cbd-nice.fr/,https://www.google.com/maps/place/LS+LAB+FARM+-+CBD+NICE/data=!4m7!3m6!1s0x12cdd1a5701f6a9d:0xc2141c289b05dac7!8m2!3d43.701068!4d7.2567654!16s%2Fg%2F11y_q_1xhs!19sChIJnWofcKXRzRIRx9oFmygcFMI?authuser=0&hl=fr&g_ep=EgoyMDI2MDkxNS4wIJJjKgBIAVAD&rclk=1,,gmb
Nice,boutique CBD,Dr Smoke Nice magnan,"17 Bd Carlone, 06200 Nice, France",+33423207095,contact@drsmoke.fr,https://drsmoke.fr/,"https://www.google.com/maps/place/Dr+Smoke+Nice+magnan/@43.6935353,7.2415635,17z/data=!3m1!4b1!4m6!3m5!1s0x12cdd1ed6cdcba35:0x163ab0eeb3cb95ae!8m2!3d43.6935353!4d7.2415635!16s%2Fg%2F11mbmktcsr?authuser=0&hl=fr&entry=ttu&g_ep=EgoyMDI2MDkxNS4wIKXMDSoASAFQAw%3D%3D",https://www.pagesjaunes.fr/pros/61585351,pagesjaunes
Nice,boutique CBD,Natura CBD,"25 Av. Jean Médecin, 06000 Nice, France",,,https://t.me/nathan26C,"https://www.google.com/maps/place/Natura+CBD/@43.7012547,7.2673416,17z/data=!3m1!4b1!4m6!3m5!1s0x12cddbeb4a880a8b:0x472940b1160b1278!8m2!3d43.7012547!4d7.2673416!16s%2Fg%2F11zxjlxypr?authuser=0&hl=fr&entry=ttu&g_ep=EgoyMDI2MDkxNS4wIKXMDSoASAFQAw%3D%3D",,gmb
Nice,magasin CBD,Green Light,"26 avenue, 26 Av. Saint-Augustin, 06200 Nice, France",+33603043762,contact@greenlightcbdshop.fr,http://greenlightcbdshop.fr/,https://www.google.com/maps/place/Green+Light/data=!4m7!3m6!1s0x12cdd11f4d500751:0xa5a06be43a7782d8!8m2!3d43.678631!4d7.2276617!16s%2Fg%2F11t6tslzkj!19sChIJUQdQTR_RzRIR2IJ3OuRroKU?authuser=0&hl=fr&g_ep=EgoyMDI2MDkxNS4wIJJjKgBIAVAD&rclk=1,,gmb
Nice,magasin CBD,LesTwins,"11 Rue François Guisol, 06300 Nice, France",+33749154362,bonjour@ao-ma.fr,https://www.aoma-cbd.fr/,https://www.google.com/maps/place/LesTwins/data=!4m7!3m6!1s0x12cddb5dd8b9e011:0x39779f8660c71342!8m2!3d43.7002008!4d7.2843589!16s%2Fg%2F11jzg_pf8q!19sChIJEeC52F3bzRIRQhPHYIafdzk?authuser=0&hl=fr&g_ep=EgoyMDI2MDkxNS4wIJJjKgBIAVAD&rclk=1,,gmb
Nantes,boutique CBD,CBD Nantes - GreenWave | Fleurs | Huiles | E-liquides,"17 Quai de la Fosse, 44000 Nantes, France",+33253350849,contact@greenwave-cbd.fr,https://greenwave-cbd.fr/,https://www.google.com/maps/place/CBD+Nantes+-+GreenWave+%7C+Fleurs+%7C+Huiles+%7C+E-liquides/data=!4m7!3m6!1s0x4805ed10c32d1783:0xff063d7696199bd5!8m2!3d47.2113351!4d-1.5608818!16s%2Fg%2F11x01c0zc7!19sChIJgxctwxDtBUgR1ZsZlnY9Bv8?authuser=0&hl=fr&g_ep=EgoyMDI2MDkxNS4wIJJjKgBIAVAD&rclk=1,,gmb
Nantes,boutique CBD,Au cbd shop 44,"118 Rte de Vannes, 44100 Nantes, France",+33768852272,contact@aucbdshop.fr,http://aucbdshop.fr/,https://www.google.com/maps/place/Au+cbd+shop+44/data=!4m7!3m6!1s0x4805eddb686fea4f:0xfa62c58e89c5bf26!8m2!3d47.2369775!4d-1.5851533!16s%2Fg%2F11y98z1w_0!19sChIJT-pvaNvtBUgRJr_FiY7FYvo?authuser=0&hl=fr&g_ep=EgoyMDI2MDkxNS4wIJJjKgBIAVAD&rclk=1,,gmb
Nantes,boutique CBD,L'as du CBD - CBD Shop Nantes,"36 Rue Maréchal Joffre, 44000 Nantes, France",+33988443614,,https://coffeeshop-lasducbd.fr/,https://www.google.com/maps/place/L%27as+du+CBD+-+CBD+Shop+Nantes/data=!4m7!3m6!1s0x4805ef2d6e6b440f:0x9e87b54fbf55b436!8m2!3d47.2215633!4d-1.5477136!16s%2Fg%2F11j4szr2tn!19sChIJD0Rrbi3vBUgRNrRVv0-1h54?authuser=0&hl=fr&g_ep=EgoyMDI2MDkxNS4wIJJjKgBIAVAD&rclk=1,,gmb
Nantes,boutique CBD,CBD Nantes - SATEAVA,"49 Rue Maréchal Joffre, 44000 Nantes, France",+33953898210,contact@sa-tea-va.com,https://sa-tea-va.com/,https://www.google.com/maps/place/CBD+Nantes+-+SATEAVA/data=!4m7!3m6!1s0x4805ef76928d043b:0xf94dbd3def8718b9!8m2!3d47.2211622!4d-1.5480353!16s%2Fg%2F11h1vglq2_!19sChIJOwSNknbvBUgRuRiH7z29Tfk?authuser=0&hl=fr&g_ep=EgoyMDI2MDkxNS4wIJJjKgBIAVAD&rclk=1,,gmb
Nantes,boutique CBD,The Pot Company Nantes,"77 Bd Victor Hugo, 44200 Nantes, France",+33228202165,nantes@thepotcompany.fr,http://www.thepotcompany-nantes.fr/?utm_source=gmb,https://www.google.com/maps/place/The+Pot+Company+Nantes/data=!4m7!3m6!1s0x4805e9e05cbbfcdb:0x2547304e4e4eb48d!8m2!3d47.201237!4d-1.546203!16s%2Fg%2F11rny87gmv!19sChIJ2_y7XODpBUgRjbROTk4wRyU?authuser=0&hl=fr&g_ep=EgoyMDI2MDkxNS4wIJJjKgBIAVAD&rclk=1,,gmb
Nantes,boutique CBD,MERRY'S CBD - Magasin CBD Fleurs Tisanes Huiles Cosmétiques - NANTES,"52 Bd Saint-Aignan, 44100 Nantes, France",+33980800252,,https://cbd-merrys.fr/?utm_source=gmb,https://www.google.com/maps/place/MERRY%27S+CBD+-+Magasin+CBD+Fleurs+Tisanes+Huiles+Cosm%C3%A9tiques+-+NANTES/data=!4m7!3m6!1s0x4805ed5f28730de5:0x26fb5f566e09b55e!8m2!3d47.208147!4d-1.578576!16s%2Fg%2F11r6wrkc8w!19sChIJ5Q1zKF_tBUgRXrUJblZf-yY?authuser=0&hl=fr&g_ep=EgoyMDI2MDkxNS4wIJJjKgBIAVAD&rclk=1,,gmb
Nantes,boutique CBD,Makayah shop CBD,"1 Rue des Chapeliers, 44000 Nantes, France",+33649316140,,https://makayah.fr/,https://www.google.com/maps/place/Makayah+shop+CBD/data=!4m7!3m6!1s0x4805efcd514b3599:0xc980e72c6aa1250b!8m2!3d47.21586!4d-1.5527007!16s%2Fg%2F11nk8_0dh6!19sChIJmTVLUc3vBUgRCyWhaizngMk?authuser=0&hl=fr&g_ep=EgoyMDI2MDkxNS4wIJJjKgBIAVAD&rclk=1,,gmb
Nantes,boutique CBD,Tumbleweed - CBD & Coffee Shop,"6 Rue Santeuil, 44000 Nantes, France",+33679935180,,https://tumbleweed-nantes.myshopify.com/,https://www.google.com/maps/place/Tumbleweed+-+CBD+%26+Coffee+Shop/data=!4m7!3m6!1s0x4805edab6cdfb955:0x3ad5a06b2b979cf2!8m2!3d47.213037!4d-1.5601671!16s%2Fg%2F11y10yfbzw!19sChIJVbnfbKvtBUgR8pyXK2ug1To?authuser=0&hl=fr&g_ep=EgoyMDI2MDkxNS4wIJJjKgBIAVAD&rclk=1,,gmb
Nantes,boutique CBD,CBD Nantes - La Tisanerie,"3 Rue Copernic, 44000 Nantes, France",+33240120811,,https://latisaneriecbd.fr/,https://www.google.com/maps/place/CBD+Nantes+-+La+Tisanerie/data=!4m7!3m6!1s0x4805edd6d85ee847:0xa8467eb53abf9d0f!8m2!3d47.2147303!4d-1.5646993!16s%2Fg%2F11yyhq851p!19sChIJR-he2NbtBUgRD52_OrV-Rqg?authuser=0&hl=fr&g_ep=EgoyMDI2MDkxNS4wIJJjKgBIAVAD&rclk=1,,gmb
Nantes,boutique CBD,GREENBOYZ CORNER Nantes - CBD Shop - Magasin CBD,"21 Rte de Vannes, 44100 Nantes, France",+33249103127,,https://greenboyz.fr/magasins/greenboyz-cbd-corner-nantes/,https://www.google.com/maps/place/GREENBOYZ+CORNER+Nantes+-+CBD+Shop+-+Magasin+CBD/data=!4m7!3m6!1s0x4805ed04cdf3d787:0x5a923211215641dc!8m2!3d47.2334376!4d-1.5791323!16s%2Fg%2F11w42qn94c!19sChIJh9fzzQTtBUgR3EFWIREyklo?authuser=0&hl=fr&g_ep=EgoyMDI2MDkxNS4wIJJjKgBIAVAD&rclk=1,,gmb
Nantes,boutique CBD,The Bulldog CBD/Épicerie,"6 Rte du Loroux Bottereau, 44230 Saint-Sébastien-sur-Loire, France",+33962167540,contact@thebulldogcbd.fr,https://www.thebulldogcbd.fr/,https://www.google.com/maps/place/The+Bulldog+CBD%2F%C3%89picerie/data=!4m7!3m6!1s0x4805e90d6ffe778d:0xb6a6cd1f37efda69!8m2!3d47.187313!4d-1.4760421!16s%2Fg%2F11n3lnkmmq!19sChIJjXf-bw3pBUgRadrvNx_NprY?authuser=0&hl=fr&g_ep=EgoyMDI2MDkxNS4wIJJjKgBIAVAD&rclk=1,,gmb
Nantes,boutique CBD,Magasin CBD à REZÉ - NANTES - HERBALCURA,"16 Rue Victor Fortun, 44400 Rezé, France",+33636044151,sorenova44@gmail.com,https://herbalcura.fr/,https://www.google.com/maps/place/Magasin+CBD+%C3%A0+REZ%C3%89+-+NANTES+-+HERBALCURA/data=!4m7!3m6!1s0x4805e9eb930431b5:0x2c031276bb9e3f8b!8m2!3d47.1837595!4d-1.5553202!16s%2Fg%2F11q22tfbn6!19sChIJtTEEk-vpBUgRiz-eu3YSAyw?authuser=0&hl=fr&g_ep=EgoyMDI2MDkxNS4wIJJjKgBIAVAD&rclk=1,,gmb
Nantes,boutique CBD,FoxSeeds Nantes,"31 BIS Rue de la Mainguais, 44470 Carquefou, France",+33228161256,contact@foxseeds-nantes.fr,https://foxseeds-nantes.fr/,https://www.google.com/maps/place/FoxSeeds+Nantes/data=!4m7!3m6!1s0x4805efc183f97ee9:0xd9b34a9e9a6cb607!8m2!3d47.2697403!4d-1.500875!16s%2Fg%2F11f0wks6w5!19sChIJ6X75g8HvBUgRB7Zsmp5Ks9k?authuser=0&hl=fr&g_ep=EgoyMDI2MDkxNS4wIJJjKgBIAVAD&rclk=1,,gmb
Nantes,boutique CBD,Bionat CBD | le bien être au naturel - livraison dans toute la France,,+33763399138,contact@bionat-cbd.fr,http://www.bionat-cbd.fr/,"https://www.google.com/maps/place/Bionat+CBD+%7C+le+bien+%C3%AAtre+au+naturel+-+livraison+dans+toute+la+France/@30.6959409,-49.8171262,3z/data=!3m1!4b1!4m6!3m5!1s0x4805e99532819ce1:0x3867d1eec42e30e9!8m2!3d30.6959409!4d-49.8171262!16s%2Fg%2F11lfgx79tl?authuser=0&hl=fr&entry=ttu&g_ep=EgoyMDI2MDkxNi4wIKXMDSoASAFQAw%3D%3D",,gmb
Nantes,boutique CBD,Arsène Valentin Nantes Saint-Herblain - Cigarette Électronique & CBD,"Centre Commercial LIDL, 15 Rue de Saint-Nazaire, 44800 Saint-Herblain, France",+33240659689,,https://arsenevalentin.com/,"https://www.google.com/maps/place/Ars%C3%A8ne+Valentin+Nantes+Saint-Herblain+-+Cigarette+%C3%89lectronique+%26+CBD/@47.2112181,-1.6159471,17z/data=!3m1!4b1!4m6!3m5!1s0x4805ed84c6e3903f:0x4e97cc7f4c1953a4!8m2!3d47.2112181!4d-1.6159471!16s%2Fg%2F11n3kgm155?authuser=0&hl=fr&entry=ttu&g_ep=EgoyMDI2MDkxNi4wIKXMDSoASAFQAw%3D%3D",,gmb
Nantes,boutique CBD,CBD Nantes - GreenBee - Spécialiste français du CBD,"5 Rue des Vieilles Douves, 44000 Nantes, France",+33255541222,,https://shop.greenbee.eu/,"https://www.google.com/maps/place/CBD+Nantes+-+GreenBee+-+Sp%C3%A9cialiste+fran%C3%A7ais+du+CBD/@47.2146652,-1.5592502,17z/data=!3m1!4b1!4m6!3m5!1s0x4805ef11469e492b:0x85010bcd5d69a4f!8m2!3d47.2146652!4d-1.5592502!16s%2Fg%2F11jp07vy9q?authuser=0&hl=fr&entry=ttu&g_ep=EgoyMDI2MDkxNi4wIKXMDSoASAFQAw%3D%3D",,gmb
Nantes,boutique CBD,Diamond Canapa - CBD Shop,"3 Rue du Pont Sauvetout, 44000 Nantes, France",+33251176828,,https://www.diamondcanapa.fr/,"https://www.google.com/maps/place/Diamond+Canapa+-+CBD+Shop/@47.2171204,-1.5584984,17z/data=!3m1!4b1!4m6!3m5!1s0x4805ef827462776b:0xc235ca2ac7f885e2!8m2!3d47.2171204!4d-1.5584984!16s%2Fg%2F11q2r_5gsj?authuser=0&hl=fr&entry=ttu&g_ep=EgoyMDI2MDkxNi4wIKXMDSoASAFQAw%3D%3D",,gmb
Montpellier,boutique CBD,CBD MONTPELLIER - CBD PAS CHER,"37 Av. du Pont Juvénal, 34000 Montpellier, France",+33766311891,info@cbdpascher14.fr,https://www.cbdpascher14.fr/,https://www.google.com/maps/place/CBD+MONTPELLIER+-+CBD+PAS+CHER/data=!4m7!3m6!1s0x12b6afd8ac314caf:0x7c3f8142df9c6151!8m2!3d43.6060662!4d3.8863369!16s%2Fg%2F11zbq9j9hq!19sChIJr0wxrNivthIRUWGc30KBP3w?authuser=0&hl=fr&g_ep=EgoyMDI2MDkxNS4wIJJjKgBIAVAD&rclk=1,,gmb
Montpellier,boutique CBD,Weed land cbd Montpellier,"17 Rue des Écoles Laïques, 34000 Montpellier, France",+33687120043,,https://weedlandshop.com/,https://www.google.com/maps/place/Weed+land+cbd+Montpellier/data=!4m7!3m6!1s0x12b6af67fe764353:0x99c759f480251a8d!8m2!3d43.6139769!4d3.878904!16s%2Fg%2F11ynt6x8sj!19sChIJU0N2_mevthIRjRolgPRZx5k?authuser=0&hl=fr&g_ep=EgoyMDI2MDkxNS4wIJJjKgBIAVAD&rclk=1,,gmb
Montpellier,boutique CBD,So Hempy,"51 bis Rue de l'Aiguillerie, 34000 Montpellier, France",+33953433529,sohempyshop@gmail.com,https://so-hempy-montpellier.fr/,https://www.google.com/maps/place/So+Hempy/data=!4m7!3m6!1s0x12b6af637d8ce749:0x946949b9744cbfe4!8m2!3d43.6122597!4d3.8790134!16s%2Fg%2F11hz057s90!19sChIJSeeMfWOvthIR5L9MdLlJaZQ?authuser=0&hl=fr&g_ep=EgoyMDI2MDkxNS4wIJJjKgBIAVAD&rclk=1,,gmb
Montpellier,boutique CBD,CBD Montpellier - Waldos Legend,"38 Av. de Toulouse, 34070 Montpellier, France",+33764158668,thewaldoslegend@gmail.com,https://www.cbdwaldoslegend.com/,https://www.google.com/maps/place/CBD+Montpellier+-+Waldos+Legend/data=!4m7!3m6!1s0x12b6af77ff670189:0x6b4b7ed5a2a03f19!8m2!3d43.5988736!4d3.8655501!16s%2Fg%2F11twfk1jjn!19sChIJiQFn_3evthIRGT-gotV-S2s?authuser=0&hl=fr&g_ep=EgoyMDI2MDkxNS4wIJJjKgBIAVAD&rclk=1,,gmb
Montpellier,boutique CBD,The Dream,"2 Rue en Gondeau, 34000 Montpellier, France",+33625787885,thedream.france@gmail.com,https://thedreamsmokeshop.fr/pages/cbd-montpellier,https://www.google.com/maps/place/The+Dream/data=!4m7!3m6!1s0x12b6af32cd03945b:0x47fdb91862e72864!8m2!3d43.6076672!4d3.8759885!16s%2Fg%2F11w8ql6cnf!19sChIJW5QDzTKvthIRZCjnYhi5_Uc?authuser=0&hl=fr&g_ep=EgoyMDI2MDkxNS4wIJJjKgBIAVAD&rclk=1,,gmb
Montpellier,boutique CBD,LEGALIZE MONTPELLIER,"12 Bd Ledru Rollin, 34000 Montpellier, France",+33984563148,office@yourwebsite.com,http://ma-dignite.org/,https://www.google.com/maps/place/LEGALIZE+MONTPELLIER/data=!4m7!3m6!1s0x12b6af40ae3caad9:0x4947ab20918098c1!8m2!3d43.6086935!4d3.872841!16s%2Fg%2F11h2hn2_gc!19sChIJ2ao8rkCvthIRwZiAkSCrR0k?authuser=0&hl=fr&g_ep=EgoyMDI2MDkxNS4wIJJjKgBIAVAD&rclk=1,,gmb
Montpellier,boutique CBD,Chanvre d'Oc,"27 Rue de Verdun, 34000 Montpellier, France",+33781302431,,https://chanvredoc.fr/,https://www.google.com/maps/place/Chanvre+d%27Oc/data=!4m7!3m6!1s0x12b6afeda6d0d0c9:0x9272d67fdef59be0!8m2!3d43.6064007!4d3.8816266!16s%2Fg%2F11wfb_nkkn!19sChIJydDQpu2vthIR4Jv13n_WcpI?authuser=0&hl=fr&g_ep=EgoyMDI2MDkxNS4wIJJjKgBIAVAD&rclk=1,,gmb
Montpellier,boutique CBD,Les Fines Fleurs C B D,"2153 Rte de Mende, 34090 Montpellier, France",+33766870528,les.fines.fleurs@hotmail.fr,https://les-fines-fleurs.net/,https://www.google.com/maps/place/Les+Fines+Fleurs+C+B+D/data=!4m7!3m6!1s0x4afd61bbda4fba91:0xc3d78480aa292c91!8m2!3d43.6402997!4d3.8635808!16s%2Fg%2F11sc7gm24j!19sChIJkbpP2rth_UoRkSwpqoCE18M?authuser=0&hl=fr&g_ep=EgoyMDI2MDkxNS4wIJJjKgBIAVAD&rclk=1,,gmb
Montpellier,boutique CBD,Hempathie,"Carrefour, RN 113, 34920 Le Crès, France",+33985065376,contact@hempathie.fr,https://hempathie.fr/,https://www.google.com/maps/place/Hempathie/data=!4m7!3m6!1s0x12b6a51aa99b6b95:0xb841d2d3155264fa!8m2!3d43.6426436!4d3.9405191!16s%2Fg%2F11q2519p2k!19sChIJlWubqRqlthIR-mRSFdPSQbg?authuser=0&hl=fr&g_ep=EgoyMDI2MDkxNS4wIJJjKgBIAVAD&rclk=1,,gmb
Montpellier,boutique CBD,PHYTOCANN CBD MONTPELLIER,"1 Bd de l'Observatoire, 34000 Montpellier, France",+33448783666,phytocannmtp@gmail.com,http://phytocann-cbd-montpellier.webador.fr/,https://www.google.com/maps/place/PHYTOCANN+CBD+MONTPELLIER/data=!4m7!3m6!1s0x12b6af61dd68714d:0xd7b2c7adbefac9d3!8m2!3d43.6066432!4d3.8762742!16s%2Fg%2F11qby1stv2!19sChIJTXFo3WGvthIR08n6vq3Hstc?authuser=0&hl=fr&g_ep=EgoyMDI2MDkxNS4wIJJjKgBIAVAD&rclk=1,,gmb
Montpellier,magasin CBD,Sweet H Coffee Shop,"53 bis Rue de l'Aiguillerie, 34000 Montpellier, France",+33749173273,sweeth.coffeeshop@gmail.com,https://sweeth.net/,https://www.google.com/maps/place/Sweet+H+Coffee+Shop/data=!4m7!3m6!1s0x12b6af3e8de45273:0x480026e0146a7fd4!8m2!3d43.6123927!4d3.878998!16s%2Fg%2F11y58_q0m7!19sChIJc1LkjT6vthIR1H9qFOAmAEg?authuser=0&hl=fr&g_ep=EgoyMDI2MDkxNS4wIJJjKgBIAVAD&rclk=1,,gmb
Montpellier,magasin CBD,HISTOIRE D'HERBES,"1 Pl. Pierre Mendès France, 34170 Castelnau-le-Lez, France",+33986669843,,https://histoiredherbes.fr/,https://www.google.com/maps/place/HISTOIRE+D%27HERBES/data=!4m7!3m6!1s0x12b6af2a21fd2231:0x5cf4a9f8225a39b9!8m2!3d43.6323001!4d3.8978485!16s%2Fg%2F11pwzjhkjw!19sChIJMSL9ISqvthIRuTlaIvip9Fw?authuser=0&hl=fr&g_ep=EgoyMDI2MDkxNS4wIJJjKgBIAVAD&rclk=1,,gmb
Montpellier,magasin CBD,Le Petit Vapoteur Montpellier,"72 Grand Rue Jean Moulin, 34000 Montpellier, France",+33411280416,,https://www.lepetitvapoteur.com/fr/content/155-boutique-cigarette-electronique-a-montpellier-magasin-e-cigarette-e-liquide?utm_source=google&utm_medium=organic&utm_campaign=gmb-website&utm_content=LPV-Montpellier,https://www.google.com/maps/place/Le+Petit+Vapoteur+Montpellier/data=!4m7!3m6!1s0x12b6af235d03d0b3:0xe193ac1974a12965!8m2!3d43.606874!4d3.8760102!16s%2Fg%2F11srmbj95n!19sChIJs9ADXSOvthIRZSmhdBmsk-E?authuser=0&hl=fr&g_ep=EgoyMDI2MDkxNS4wIJJjKgBIAVAD&rclk=1,,gmb
Montpellier,magasin CBD,Therap CBD - Montpellier,"Av. du Mas d'Argelliers, 34000 Montpellier, France",+33618335536,contact.therapcbd@gmail.com,https://therapcbd.com/,https://www.google.com/maps/place/Therap+CBD+-+Montpellier/data=!4m7!3m6!1s0x12b6aff1add753cd:0x9b43c62fadaa2a00!8m2!3d43.5865233!4d3.8881573!16s%2Fg%2F11vf1pphq5!19sChIJzVPXrfGvthIRACqqrS_GQ5s?authuser=0&hl=fr&g_ep=EgoyMDI2MDkxNS4wIJJjKgBIAVAD&rclk=1,,gmb
Strasbourg,boutique CBD,Au coeur du chanvre (Boutique CBD Strasbourg),"246 Av. de Colmar, 67100 Strasbourg, France",+33367972514,,https://www.aucoeurduchanvre.fr/,https://www.google.com/maps/place/Au+coeur+du+chanvre+%28Boutique+CBD+Strasbourg%29/data=!4m7!3m6!1s0x4796c9e6e37d2751:0xaf39f0cba82040a3!8m2!3d48.5541464!4d7.7446028!16s%2Fg%2F11rd92y7kn!19sChIJUSd94-bJlkcRo0AgqMvwOa8?authuser=0&hl=fr&g_ep=EgoyMDI2MDkxNS4wIJJjKgBIAVAD&rclk=1,,gmb
Strasbourg,boutique CBD,CBD SHOP M.H.A Nature - Strasbourg,"14 Rue des Juifs, 67000 Strasbourg, France",+33638398412,mha.nature@gmail.com,http://www.mha-nature.fr/,https://www.google.com/maps/place/CBD+SHOP+M.H.A+Nature+-+Strasbourg/data=!4m7!3m6!1s0x4796c9f1a18a1f99:0x5a535cb8e7beb994!8m2!3d48.5831303!4d7.7521803!16s%2Fg%2F11sd463c9p!19sChIJmR-KofHJlkcRlLm-57hcU1o?authuser=0&hl=fr&g_ep=EgoyMDI2MDkxNS4wIJJjKgBIAVAD&rclk=1,,gmb
Strasbourg,boutique CBD,CBD Strasbourg Greenvape - Distributeur 24h/7j,"82 Rte de l'Hôpital, 67100 Strasbourg, France",+33749339953,,http://www.mv3t-distribution.fr/,https://www.google.com/maps/place/CBD+Strasbourg+Greenvape+-+Distributeur+24h%2F7j/data=!4m7!3m6!1s0x4796c9a7ddee8a63:0x9eaa51a31a0c978a!8m2!3d48.5679308!4d7.7514656!16s%2Fg%2F11w37l_bf2!19sChIJY4ru3afJlkcRipcMGqNRqp4?authuser=0&hl=fr&g_ep=EgoyMDI2MDkxNS4wIJJjKgBIAVAD&rclk=1,,gmb
Strasbourg,boutique CBD,CBD STRASBOURG BIO HEMP,"19 Quai Saint-Nicolas, 67000 Strasbourg, France",+33369483198,,http://www.bio-hemp.fr/,https://www.google.com/maps/place/CBD+STRASBOURG+BIO+HEMP/data=!4m7!3m6!1s0x4796c92d63aaaf67:0x2cc8b54e3bf0b99!8m2!3d48.5788889!4d7.750141!16s%2Fg%2F11fq90gtm_!19sChIJZ6-qYy3JlkcRmQu_41SLzAI?authuser=0&hl=fr&g_ep=EgoyMDI2MDkxNS4wIJJjKgBIAVAD&rclk=1,,gmb
Strasbourg,boutique CBD,CBD Strasbourg - Distributeur Automatique 24h/24,"242 Av. de Colmar, 67100 Strasbourg, France",+33749339953,,https://www.mv3t-distibution.fr/,https://www.google.com/maps/place/CBD+Strasbourg+-+Distributeur+Automatique+24h%2F24/data=!4m7!3m6!1s0x4796c919ae2067c7:0x14b4bee423e0a8f3!8m2!3d48.554321!4d7.744715!16s%2Fg%2F11v_1zyz6g!19sChIJx2cgrhnJlkcR86jgI-S-tBQ?authuser=0&hl=fr&g_ep=EgoyMDI2MDkxNS4wIJJjKgBIAVAD&rclk=1,,gmb
Strasbourg,boutique CBD,WeDream CBD Strasbourg - Livraison & Meet Up,"8 Pl. des Halles, 67000 Strasbourg, France",+33669394964,bilal.wedream@gmail.com,https://www.wedream.shop/,https://www.google.com/maps/place/WeDream+CBD+Strasbourg+-+Livraison+%26+Meet+Up/data=!4m7!3m6!1s0x4796b711b521e229:0xc14d62c06b154daa!8m2!3d48.5882417!4d7.741455!16s%2Fg%2F11xf1y7sqy!19sChIJKeIhtRG3lkcRqk0Va8BiTcE?authuser=0&hl=fr&g_ep=EgoyMDI2MDkxNS4wIJJjKgBIAVAD&rclk=1,,gmb
Strasbourg,boutique CBD,Astral CBD - CBD Strasbourg,"6 Rue Kuhn, 67000 Strasbourg, France",+33388141808,,https://www.astral-cbd.fr/,https://www.google.com/maps/place/Astral+CBD+-+CBD+Strasbourg/data=!4m7!3m6!1s0x4796c993e77997a3:0xbe68b051b3037115!8m2!3d48.5850988!4d7.7396935!16s%2Fg%2F11vzvppzdw!19sChIJo5d555PJlkcRFXEDs1GwaL4?authuser=0&hl=fr&g_ep=EgoyMDI2MDkxNS4wIJJjKgBIAVAD&rclk=1,,gmb
Strasbourg,boutique CBD,MISTER & MISSES CBD,"22 Rte du Polygone, 67100 Strasbourg, France",+33388914844,,https://misterandmissescbd.fr/neudorf/,https://www.google.com/maps/place/MISTER+%26+MISSES+CBD/data=!4m7!3m6!1s0x4796c97da5d4584f:0x97ac578c7f4fca3f!8m2!3d48.5704192!4d7.7563345!16s%2Fg%2F11x_3sd78w!19sChIJT1jUpX3JlkcRP8pPf4xXrJc?authuser=0&hl=fr&g_ep=EgoyMDI2MDkxNS4wIJJjKgBIAVAD&rclk=1,,gmb
Strasbourg,boutique CBD,Magasin de CBD CBD'eau Strasbourg,"46 Rue du Vieux-Marché-aux-Vins, 67000 Strasbourg, France",+33388379230,contact@cbdeau.fr,https://www.cbdeau.fr/,https://www.google.com/maps/place/Magasin+de+CBD+CBD%27eau+Strasbourg/data=!4m7!3m6!1s0x4796c992d4168bf3:0x7d890db364069ad0!8m2!3d48.5841273!4d7.7435199!16s%2Fg%2F11jb6zhmp1!19sChIJ84sW1JLJlkcR0JoGZLMNiX0?authuser=0&hl=fr&g_ep=EgoyMDI2MDkxNS4wIJJjKgBIAVAD&rclk=1,,gmb
Bordeaux,boutique CBD,La ligne verte cbd pas cher,"27 Rue du Loup, 33000 Bordeaux, France",+33984737365,contact@lalignevertecbd.com,http://lalignevertecbd.com/,https://www.google.com/maps/place/La+ligne+verte+cbd+pas+cher/data=!4m7!3m6!1s0xd5527000622a7d7:0x8f14076d5fdfec2f!8m2!3d44.8380209!4d-0.5728443!16s%2Fg%2F11yz6s4z_2!19sChIJ16ciBgAnVQ0RL-zfX20HFI8?authuser=0&hl=fr&g_ep=EgoyMDI2MDkxNS4wIJJjKgBIAVAD&rclk=1,,gmb
Bordeaux,boutique CBD,Le Green Spot CBD shop - CBD shop et Social club à Bordeaux Centre,"73 Rue des Ayres, 33000 Bordeaux, France",+33631688660,contact@le-green-spot.com,https://www.le-green-spot.com/cbd-shop-bordeaux-centre/,https://www.google.com/maps/place/Le+Green+Spot+CBD+shop+-+CBD+shop+et+Social+club+%C3%A0+Bordeaux+Centre/data=!4m7!3m6!1s0xd55274a1ed18aa9:0x535986bcdf705c87!8m2!3d44.8367341!4d-0.5750491!16s%2Fg%2F11k47y94yh!19sChIJqYrRHkonVQ0Rh1xw37yGWVM?authuser=0&hl=fr&g_ep=EgoyMDI2MDkxNS4wIJJjKgBIAVAD&rclk=1,,gmb
Bordeaux,boutique CBD,CBD BORDEAUX - CBD LAB,"5 Cr Pasteur, 33000 Bordeaux, France",+33756922778,contact@cbdbordeauxlab.fr,https://cbdbordeauxlab.fr/,https://www.google.com/maps/place/CBD+BORDEAUX+-+CBD+LAB/data=!4m7!3m6!1s0xd552774912ef867:0xbe0bbed29786bd41!8m2!3d44.8359742!4d-0.5756613!16s%2Fg%2F11nvh8r79x!19sChIJZ_gukXQnVQ0RQb2Gl9K-C74?authuser=0&hl=fr&g_ep=EgoyMDI2MDkxNS4wIJJjKgBIAVAD&rclk=1,,gmb
Bordeaux,boutique CBD,LIVRAISON SAUVAGE CBD - BORDEAUX,,+33613104456,,https://www.esprit-sauvage.fr/,https://www.google.com/maps/place/LIVRAISON+SAUVAGE+CBD+-+BORDEAUX/data=!4m7!3m6!1s0xd5527e352eb4041:0x17f985547b32f502!8m2!3d44.829202!4d-0.6350962!16s%2Fg%2F11wk8w2zjx!19sChIJQUDrUuMnVQ0RAvUye1SF-Rc?authuser=0&hl=fr&g_ep=EgoyMDI2MDkxNS4wIJJjKgBIAVAD&rclk=1,,gmb
Bordeaux,boutique CBD,Captain Kush - Eysines - Spécialiste CBD - CBD shop,"133 bis, Av. de l'Hippodrome, 33320 Eysines, France",+33986175483,contact@captain-kush.com,https://captain-kush.com/,https://www.google.com/maps/place/Captain+Kush+-+Eysines+-+Sp%C3%A9cialiste+CBD+-+CBD+shop/data=!4m7!3m6!1s0xd54d759a80f28f3:0xf539bdced84b9cac!8m2!3d44.8701071!4d-0.635501!16s%2Fg%2F11x76nn1z0!19sChIJ8ygPqFnXVA0RrJxL2M69OfU?authuser=0&hl=fr&g_ep=EgoyMDI2MDkxNS4wIJJjKgBIAVAD&rclk=1,,gmb
Bordeaux,boutique CBD,Boutique de cbd Bordeaux - CBD shop - CBDream,"14 Rue du Loup, 33000 Bordeaux, France",+33554786874,,https://cbdream-bordeaux.fr/,https://www.google.com/maps/place/Boutique+de+cbd+Bordeaux+-+CBD+shop+-+CBDream/data=!4m7!3m6!1s0xd55279b59fb0d67:0x52865c0bf0058d70!8m2!3d44.8379278!4d-0.5723319!16s%2Fg%2F11h_vw0335!19sChIJZw37WZsnVQ0RcI0F8AtchlI?authuser=0&hl=fr&g_ep=EgoyMDI2MDkxNS4wIJJjKgBIAVAD&rclk=1,,gmb
Bordeaux,boutique CBD,A CBD SHOP Bordeaux Chartrons,"44 Rue Notre Dame, 33000 Bordeaux, France",+33556111212,,http://www.acbd-shop.fr/,https://www.google.com/maps/place/A+CBD+SHOP+Bordeaux+Chartrons/data=!4m7!3m6!1s0xd54d7be40cec801:0xc55d465b2f997047!8m2!3d44.8507252!4d-0.5718352!16s%2Fg%2F11k0l8b6x6!19sChIJAcjOQL7XVA0RR3CZL1tGXcU?authuser=0&hl=fr&g_ep=EgoyMDI2MDkxNS4wIJJjKgBIAVAD&rclk=1,,gmb
Bordeaux,boutique CBD,Evasion CBD & VAPE Ambarès-et-Lagrave,"62 Cr de l'Argonne, 33000 Bordeaux, France",+33977990836,evasioncbd@gmail.com,https://www.evasioncbd.com/,https://www.google.com/maps/place/Evasion+CBD+%26+VAPE+Ambar%C3%A8s-et-Lagrave/data=!4m7!3m6!1s0xd5527a14b3e1fa5:0xdf6bb9d9b7d06b0d!8m2!3d44.8285254!4d-0.5742049!16s%2Fg%2F11sqkd7vkk!19sChIJpR8-S6EnVQ0RDWvQt9m5a98?authuser=0&hl=fr&g_ep=EgoyMDI2MDkxNS4wIJJjKgBIAVAD&rclk=1,,gmb
Bordeaux,boutique CBD,GREEN HEAVEN Bordeaux,"69 Rue Georges Bonnac, 33000 Bordeaux, France",+33617865792,,https://greenheaven.fr/,https://www.google.com/maps/place/GREEN+HEAVEN+Bordeaux/data=!4m7!3m6!1s0xd5527bba2dcc31f:0x184fb45416fb0410!8m2!3d44.8402683!4d-0.5845511!16s%2Fg%2F11gjhdyxkn!19sChIJH8PcorsnVQ0REAT7FlS0Txg?authuser=0&hl=fr&g_ep=EgoyMDI2MDkxNS4wIJJjKgBIAVAD&rclk=1,,gmb
Bordeaux,magasin CBD,CBD Mediq,"9 Rue Sauteyron, 33000 Bordeaux, France",+33665783291,,https://www.cbd-mediq.fr/,https://www.google.com/maps/place/CBD+Mediq/data=!4m7!3m6!1s0x8c6db2d351b90a61:0x7c0122c27c496402!8m2!3d44.8302611!4d-0.5762678!16s%2Fg%2F11swzlchft!19sChIJYQq5UdOybYwRAmRJfMIiAXw?authuser=0&hl=fr&g_ep=EgoyMDI2MDkxNS4wIJJjKgBIAVAD&rclk=1,,gmb
Bordeaux,magasin CBD,ROYAL CBD Bordeaux Rive Droite livraison le soir jusqu'à 23h00,"18 Rue de l'Archevêque, 33310 Lormont, France",+33767554421,,https://royal-cbd.fr/applications/,https://www.google.com/maps/place/ROYAL+CBD+Bordeaux+Rive+Droite+livraison+le+soir+jusqu%27%C3%A0+23h00/data=!4m7!3m6!1s0x28e0167ac5d2a9d9:0x9cf10bedae65dd4b!8m2!3d44.88028!4d-0.508239!16s%2Fg%2F11rcnbcm3j!19sChIJ2anSxXoW4CgRS91lru0L8Zw?authuser=0&hl=fr&g_ep=EgoyMDI2MDkxNS4wIJJjKgBIAVAD&rclk=1,,gmb
Bordeaux,magasin CBD,Le Lab du Bonheur Bordeaux - Boutique de CBD - Espace Bien être du corps et de l’esprit,"37 Cr d'Alsace-et-Lorraine, 33000 Bordeaux, France",+33667103706,,https://www.meilleurs-sites-de-cbd.fr/votre-ville/boutique-cbd-a-bordeaux-le-lab-du-bonheur/,https://www.google.com/maps/place/Le+Lab+du+Bonheur+Bordeaux+-+Boutique+de+CBD+-+Espace+Bien+%C3%AAtre+du+corps+et+de+l%E2%80%99esprit/data=!4m7!3m6!1s0xd55278c0ff75a4f:0x9aa471f4390d6da!8m2!3d44.8379271!4d-0.5703913!16s%2Fg%2F11s7bc9kfd!19sChIJT1r3D4wnVQ0R2taQQx9Hqgk?authuser=0&hl=fr&g_ep=EgoyMDI2MDkxNS4wIJJjKgBIAVAD&rclk=1,,gmb
Bordeaux,magasin CBD,Taklope Store Bordeaux - Cigarette électronique - Eliquide - CBD,"31 Pl. Pey Berland, 33000 Bordeaux, France",+33556440507,,https://www.taklope.com/content/47-taklope-store-bordeaux,https://www.google.com/maps/place/Taklope+Store+Bordeaux+-+Cigarette+%C3%A9lectronique+-+Eliquide+-+CBD/data=!4m7!3m6!1s0xd5527c463255f95:0xf7a701f5b28e8f98!8m2!3d44.8371646!4d-0.5771591!16s%2Fg%2F11bw470hgh!19sChIJlV8lY8QnVQ0RmI-OsvUBp_c?authuser=0&hl=fr&g_ep=EgoyMDI2MDkxNS4wIJJjKgBIAVAD&rclk=1,,gmb
Bordeaux,magasin CBD,Genericlop - Eliquide et cigarette électronique,"9 Cr Saint-Louis, 33300 Bordeaux, France",+33972574400,,https://genericlop.fr/,https://www.google.com/maps/place/Genericlop+-+Eliquide+et+cigarette+%C3%A9lectronique/data=!4m7!3m6!1s0xd5529e7b5db059d:0x684716dfc6fd3c52!8m2!3d44.855696!4d-0.5717326!16s%2Fg%2F11gxg2zc4c!19sChIJnQXbtecpVQ0RUjz9xt8WR2g?authuser=0&hl=fr&g_ep=EgoyMDI2MDkxNS4wIJJjKgBIAVAD&rclk=1,,gmb
Lille,boutique CBD,Greenway - CBD Shop Lille,"6 Rue de l'Hôpital Militaire, 59000 Lille, France",+33983492869,contact@greenwayshop.fr,https://greenwayshop.fr/,https://www.google.com/maps/place/Greenway+-+CBD+Shop+Lille/data=!4m7!3m6!1s0x47c2d5ad88af917d:0xa30656e3d34e0b3e!8m2!3d50.6332016!4d3.0623112!16s%2Fg%2F11krb3rzy0!19sChIJfZGviK3VwkcRPgtO0-NWBqM?authuser=0&hl=fr&g_ep=EgoyMDI2MDkxNS4wIJJjKgBIAVAD&rclk=1,,gmb
Lille,boutique CBD,Shop CBD 24 7,"8b Av. de Bretagne, 59000 Lille, France",+33644664270,contact@cbd-lille.shop,https://cbd-lille.shop/,https://www.google.com/maps/place/Shop+CBD+24+7/data=!4m7!3m6!1s0x47c2d5939d2805f5:0x2252e62748ec0543!8m2!3d50.6359175!4d3.0259959!16s%2Fg%2F11vs3q20fw!19sChIJ9QUonZPVwkcRQwXsSCfmUiI?authuser=0&hl=fr&g_ep=EgoyMDI2MDkxNS4wIJJjKgBIAVAD&rclk=1,,gmb
Lille,boutique CBD,CBD La Touche Verte - Lille,"131 Rue Solférino, 59000 Lille, France",+33981814722,contact@toucheverte.fr,https://toucheverte.fr/,https://www.google.com/maps/place/CBD+La+Touche+Verte+-+Lille/data=!4m7!3m6!1s0x47c2d5bb5fd31343:0xed47c29554efbdb5!8m2!3d50.630175!4d3.0571953!16s%2Fg%2F11y_t36g7j!19sChIJQxPTX7vVwkcRtb3vVJXCR-0?authuser=0&hl=fr&g_ep=EgoyMDI2MDkxNS4wIJJjKgBIAVAD&rclk=1,,gmb
Lille,boutique CBD,GREENBEUX CBD SHOP,"11 Rue d'Inkermann, 59000 Lille, France",+33602045567,contact@greenbeux.fr,https://greenbeux.com/,https://www.google.com/maps/place/GREENBEUX+CBD+SHOP/data=!4m7!3m6!1s0x47c2d535ee097167:0x3f0f949fcfac1169!8m2!3d50.6304637!4d3.0599853!16s%2Fg%2F11f72_7zy2!19sChIJZ3EJ7jXVwkcRaRGsz5-UDz8?authuser=0&hl=fr&g_ep=EgoyMDI2MDkxNS4wIJJjKgBIAVAD&rclk=1,,gmb
Lille,boutique CBD,Concept CBD - Lomme Lille,"541 Av. de Dunkerque, 59160 Lille, France",+33981059119,,https://www.concept-cbd.fr/,https://www.google.com/maps/place/Concept+CBD+-+Lomme+Lille/data=!4m7!3m6!1s0x47c32bfe9d99146f:0xcbd9d16aac6f4d16!8m2!3d50.6470193!4d3.0038082!16s%2Fg%2F11q1rgkx8r!19sChIJbxSZnf4rw0cRFk1vrGrR2cs?authuser=0&hl=fr&g_ep=EgoyMDI2MDkxNS4wIJJjKgBIAVAD&rclk=1,,gmb
Lille,boutique CBD,Tom & Jazy CBD Shop,"145 Rue Léon Gambetta, 59000 Lille, France",+33361972558,,https://www.tomandjazy-cbd.fr/,https://www.google.com/maps/place/Tom+%26+Jazy+CBD+Shop/data=!4m7!3m6!1s0x47c2d56e8f162551:0x8bde2fb26958b2ed!8m2!3d50.6297146!4d3.0556103!16s%2Fg%2F11np3l3_b4!19sChIJUSUWj27VwkcR7bJYabIv3os?authuser=0&hl=fr&g_ep=EgoyMDI2MDkxNS4wIJJjKgBIAVAD&rclk=1,,gmb
Lille,boutique CBD,Kilogrammes - CBD Lille,"64 Rue de l'Hôpital Militaire, 59000 Lille, France",+33320046281,,https://www.kilogrammes.com/,https://www.google.com/maps/place/Kilogrammes+-+CBD+Lille/data=!4m7!3m6!1s0x47c2d5772a499677:0xa94350916d62df00!8m2!3d50.6352084!4d3.0602885!16s%2Fg%2F11yf3syfn9!19sChIJd5ZJKnfVwkcRAN9ibZFQQ6k?authuser=0&hl=fr&g_ep=EgoyMDI2MDkxNS4wIJJjKgBIAVAD&rclk=1,,gmb
Lille,boutique CBD,Sativum Weeds - CBD/CBC Lille,"41 Rue des Ponts de Comines, 59800 Lille, France",+33361977929,hello@sativum-cbdshop.com,https://sativum-cbdshop.com/,https://www.google.com/maps/place/Sativum+Weeds+-+CBD%2FCBC+Lille/data=!4m7!3m6!1s0x47c2d51ca173a669:0x32cf3f8ebdc9c6fd!8m2!3d50.6376601!4d3.0679224!16s%2Fg%2F11rfdd2450!19sChIJaaZzoRzVwkcR_cbJvY4_zzI?authuser=0&hl=fr&g_ep=EgoyMDI2MDkxNS4wIJJjKgBIAVAD&rclk=1,,gmb
Lille,boutique CBD,FOXSEEDS LILLE CBD & SEEDS SHOP,"2 Rue Colson, 59800 Lille, France",+33951416451,foxseedslille@gmail.com,http://www.foxseedslille.com/,https://www.google.com/maps/place/FOXSEEDS+LILLE+CBD+%26+SEEDS+SHOP/data=!4m7!3m6!1s0x47c2d5827a1b24e9:0x8ecdd656c7bcd630!8m2!3d50.6322739!4d3.0509513!16s%2Fg%2F11cs5tqc05!19sChIJ6SQbeoLVwkcRMNa8x1bWzY4?authuser=0&hl=fr&g_ep=EgoyMDI2MDkxNS4wIJJjKgBIAVAD&rclk=1,,gmb
Lille,boutique CBD,CBD Shop 24/7 – 24h/24 Lille Métropole,"1 Pl. Pierre de Coubertin, 59790 Ronchin, France",+33743694417,contact@cbd24h.fr,http://www.cbd24h.fr/,https://www.google.com/maps/place/CBD+Shop+24%2F7+%E2%80%93+24h%2F24+Lille+M%C3%A9tropole/data=!4m7!3m6!1s0x89fb3697f831bc67:0xce884a91b3b948fa!8m2!3d50.605211!4d3.1046395!16s%2Fg%2F11yyy27z56!19sChIJZ7wx-Jc2-4kR-ki5s5FKiM4?authuser=0&hl=fr&g_ep=EgoyMDI2MDkxNS4wIJJjKgBIAVAD&rclk=1,,gmb
Lille,boutique CBD,CBWEED,"Nouvelle adresse : 185 Rue Léon Gambetta 59000 Lille Ancienne adresse : 204 Rue Léon Gambetta 59000, 59800 Lille, France",+33983217126,info@cbweed.com,http://cbweed.fr/,https://www.google.com/maps/place/CBWEED/data=!4m7!3m6!1s0x47c2d5dca4901073:0xe7177e18ecd20e28!8m2!3d50.6289445!4d3.053069!16s%2Fg%2F11tnj0b65c!19sChIJcxCQpNzVwkcRKA7S7Bh-F-c?authuser=0&hl=fr&g_ep=EgoyMDI2MDkxNS4wIJJjKgBIAVAD&rclk=1,,gmb
Rennes,boutique CBD,CBD Rennes La Galerie du Chanvre,"33 Rue de Dinan, 35000 Rennes, France",+33299019538,lagalerieduchanvre@gmail.com,https://lagalerieduchanvre.fr/,https://www.google.com/maps/place/CBD+Rennes+La+Galerie+du+Chanvre/data=!4m7!3m6!1s0x480edf92b57e91ef:0x2c555be772503d03!8m2!3d48.1149822!4d-1.684843!16s%2Fg%2F11fl4m4vlv!19sChIJ75F-tZLfDkgRAz1QcudbVSw?authuser=0&hl=fr&g_ep=EgoyMDI2MDkxNS4wIJJjKgBIAVAD&rclk=1,,gmb
Rennes,boutique CBD,GREEN CARE CBD RENNES ET HIGH EFFECTS,"26 Rue Poullain Duparc, 35000 Rennes, France",+33762354310,,https://www.greencare-cbd.fr/,https://www.google.com/maps/place/GREEN+CARE+CBD+RENNES+ET+HIGH+EFFECTS/data=!4m7!3m6!1s0x480edf47e1a612d3:0xef1e1891e2ada6ec!8m2!3d48.1087044!4d-1.6815252!16s%2Fg%2F11pgb0lcz0!19sChIJ0xKm4UffDkgR7Kat4pEYHu8?authuser=0&hl=fr&g_ep=EgoyMDI2MDkxNS4wIJJjKgBIAVAD&rclk=1,,gmb
Rennes,boutique CBD,Vaporiz'Me -Spécialiste Cannabinoïdes et Vaporisateurs,"42 Bd de la Liberté, 35000 Rennes, France",+33299860081,,https://www.vaporizme.fr/,https://www.google.com/maps/place/Vaporiz%27Me+-Sp%C3%A9cialiste+Cannabino%C3%AFdes+et+Vaporisateurs/data=!4m7!3m6!1s0x480edfbf3308e16b:0xece1cb7e8c1ee3bc!8m2!3d48.1081022!4d-1.6821696!16s%2Fg%2F11q2503m52!19sChIJa-EIM7_fDkgRvOMejH7L4ew?authuser=0&hl=fr&g_ep=EgoyMDI2MDkxNS4wIJJjKgBIAVAD&rclk=1,,gmb
Rennes,magasin CBD,Kanopie CBD - siège social,"28 Bd du Colombier, 35000 Rennes, France",+33667351629,,https://www.kanopie.fr/?utm_source=google&utm_medium=wix_google_business_profile&utm_campaign=4034215330248402910,https://www.google.com/maps/place/Kanopie+CBD+-+si%C3%A8ge+social/data=!4m7!3m6!1s0x480edf406c2eefd9:0x4c86b2587997eb20!8m2!3d48.1029228!4d-1.6776607!16s%2Fg%2F11l6snv8k5!19sChIJ2e8ubEDfDkgRIOuXeViyhkw?authuser=0&hl=fr&g_ep=EgoyMDI2MDkxNS4wIJJjKgBIAVAD&rclk=1,,gmb
Reims,boutique CBD,Greenbox cbd Shop,"26 Av. de Laon, 51100 Reims, France",+33980850662,,http://www.greenboxcbd.fr/,https://www.google.com/maps/place/Greenbox+cbd+Shop/data=!4m7!3m6!1s0x47e9754fbebbba47:0xa31e128c6182dc4e!8m2!3d49.264284!4d4.02747!16s%2Fg%2F11pgzb6cmq!19sChIJR7q7vk916UcRTtyCYYwSHqM?authuser=0&hl=fr&g_ep=EgoyMDI2MDkxNS4wIJJjKgBIAVAD&rclk=1,,gmb
Saint-Étienne,boutique CBD,CBD Shop Saint-Etienne | L'Herbe Douce,"7 Rue des Martyrs de Vingré, 42000 Saint-Étienne, France",+33986480800,contact@lherbedouce.fr,http://lherbedouce.fr/,https://www.google.com/maps/place/CBD+Shop+Saint-Etienne+%7C+L%27Herbe+Douce/data=!4m7!3m6!1s0x47f5af419e48cecd:0x4ed953e51b18de25!8m2!3d45.4364789!4d4.3899299!16s%2Fg%2F11h1fwfwfd!19sChIJzc5InkGv9UcRJd4YG-VT2U4?authuser=0&hl=fr&g_ep=EgoyMDI2MDkxNS4wIJJjKgBIAVAD&rclk=1,,gmb
Saint-Étienne,boutique CBD,CBD Institut - Saint Etienne,"27 Cr Fauriel, 42100 Saint-Étienne, France",+33766578051,,https://cbd-institut.com/,https://www.google.com/maps/place/CBD+Institut+-+Saint+Etienne/data=!4m7!3m6!1s0x47f5a9a2af87d541:0x87cc51f4ffe10abe!8m2!3d45.4283884!4d4.3993882!16s%2Fg%2F11nxc2wjfg!19sChIJQdWHr6Kp9UcRvgrh__RRzIc?authuser=0&hl=fr&g_ep=EgoyMDI2MDkxNS4wIJJjKgBIAVAD&rclk=1,,gmb
Saint-Étienne,boutique CBD,ELIJAH,"5 Rue Saint-Jean, 42000 Saint-Étienne, France",+33984561474,,https://www.elijah.fr/,https://www.google.com/maps/place/ELIJAH/data=!4m7!3m6!1s0x47f5aea97d0f1da5:0x5d647b6db040ab17!8m2!3d45.4382439!4d4.3891883!16s%2Fg%2F11b7q99g5d!19sChIJpR0Pfamu9UcRF6tAsG17ZF0?authuser=0&hl=fr&g_ep=EgoyMDI2MDkxNS4wIJJjKgBIAVAD&rclk=1,,gmb
Le Havre,boutique CBD,LH CBD - Le Havre,"71 Rue Richelieu, 76600 Le Havre, France",+33988416892,lehavrecbd@gmail.com,https://lh-cbd.fr/,https://www.google.com/maps/place/LH+CBD+-+Le+Havre/data=!4m7!3m6!1s0x47e02f1000b73551:0x7ff0d2bdddeb42be!8m2!3d49.489398!4d0.106239!16s%2Fg%2F11j7k5792b!19sChIJUTW3ABAv4EcRvkLr3b3S8H8?authuser=0&hl=fr&g_ep=EgoyMDI2MDkxNS4wIJJjKgBIAVAD&rclk=1,,gmb
Le Havre,boutique CBD,CBD LE HAVRE - L'ONCLE BEN - CBD SHOP,"Carrefour city, 5 Rue Jules Lecesne, 76600 Le Havre, France",+33746349794,,https://www.loncleben.fr/,https://www.google.com/maps/place/CBD+LE+HAVRE+-+L%27ONCLE+BEN+-+CBD+SHOP/data=!4m7!3m6!1s0x47e02fc846d28819:0x35c7d4c2a14b9292!8m2!3d49.4942768!4d0.1100186!16s%2Fg%2F11zbcznpl8!19sChIJGYjSRsgv4EcRkpJLocLUxzU?authuser=0&hl=fr&g_ep=EgoyMDI2MDkxNS4wIJJjKgBIAVAD&rclk=1,,gmb
Le Havre,boutique CBD,CBD Le Havre - Petit Weed Co' Le Havre Centre,"48 Bis Av. René Coty, 76600 Le Havre, France",+33235309224,,https://w33dcorner.fr/,https://www.google.com/maps/place/CBD+Le+Havre+-+Petit+Weed+Co%27+Le+Havre+Centre/data=!4m7!3m6!1s0x47e02f0d06cd2a03:0xd393d055abf334b4!8m2!3d49.497301!4d0.1125!16s%2Fg%2F11mvk3l9pm!19sChIJAyrNBg0v4EcRtDTzq1XQk9M?authuser=0&hl=fr&g_ep=EgoyMDI2MDkxNS4wIJJjKgBIAVAD&rclk=1,,gmb
Le Havre,boutique CBD,CBD Le Havre - Weed Corner Le Havre Plage,"18 Av. Foch, 76600 Le Havre, France",+33952145198,,http://weedcornerofficial.com,https://www.google.com/maps/place/CBD+Le+Havre+-+Weed+Corner+Le+Havre+Plage/data=!4m7!3m6!1s0x47e02f6e96e98e7f:0x5a5be7c71329539e!8m2!3d49.4931941!4d0.0976405!16s%2Fg%2F11f9fpj2zy!19sChIJf47plm4v4EcRnlMpE8fnW1o?authuser=0&hl=fr&g_ep=EgoyMDI2MDkxNS4wIJJjKgBIAVAD&rclk=1,https://www.pagesjaunes.fr/pros/58977959,pagesjaunes
Le Havre,boutique CBD,CBDRIVER - LE HAVRE - LIVRAISON CBD,"9 Rue de Jumièges, 76610 Le Havre, France",+33616876238,,https://cbdriver.fr/Pages/Produits.php,https://www.google.com/maps/place/CBDRIVER+-+LE+HAVRE+-+LIVRAISON+CBD/data=!4m7!3m6!1s0x47e03166fcf0a063:0x5a6f5d43c02247f1!8m2!3d49.5081749!4d0.1789891!16s%2Fg%2F11z61ym9z1!19sChIJY6Dw_GYx4EcR8UciwENdb1o?authuser=0&hl=fr&g_ep=EgoyMDI2MDkxNS4wIJJjKgBIAVAD&rclk=1,,gmb
Le Havre,boutique CBD,CBDream Coffee Shop - CBD LE HAVRE,"136 Rue du Maréchal Joffre, 76600 Le Havre, France",+33620659252,,http://cbdreamcoffeeshop.fr/,https://www.google.com/maps/place/CBDream+Coffee+Shop+-+CBD+LE+HAVRE/data=!4m7!3m6!1s0x47e02fb88b8786cd:0xa77d05d5790ac17f!8m2!3d49.4998823!4d0.1262084!16s%2Fg%2F11sf0175lj!19sChIJzYaHi7gv4EcRf8EKedUFfac?authuser=0&hl=fr&g_ep=EgoyMDI2MDkxNS4wIJJjKgBIAVAD&rclk=1,,gmb
Toulon,boutique CBD,Chrono CBD Toulon 83,"14 Pl. Pierre Puget, 83000 Toulon, France",+33954192983,contact@chronocbd.fr,http://www.chronocbd.fr/,https://www.google.com/maps/place/Chrono+CBD+Toulon+83/data=!4m7!3m6!1s0x12c907d30dfd89b9:0xedf3eb63e9b5606!8m2!3d43.1233734!4d5.9330816!16s%2Fg%2F11scbwfkyk!19sChIJuYn9DdMHyRIRBlabPrY-3w4?authuser=0&hl=fr&g_ep=EgoyMDI2MDkxNS4wIJJjKgBIAVAD&rclk=1,,gmb
Toulon,boutique CBD,High Five - CBD Toulon,"1 Rue Berthelot, 83000 Toulon, France",+33988069762,support@highfivecbd.fr,https://www.highfivecbd.fr/,https://www.google.com/maps/place/High+Five+-+CBD+Toulon/data=!4m7!3m6!1s0x12c91b76051b1e5d:0x6ddf25f857d538bf!8m2!3d43.1245212!4d5.9335785!16s%2Fg%2F11n72ykr_m!19sChIJXR4bBXYbyRIRvzjVV_gl320?authuser=0&hl=fr&g_ep=EgoyMDI2MDkxNS4wIJJjKgBIAVAD&rclk=1,,gmb
Toulon,boutique CBD,Barong CBD - Delta-9 THC - 10-OH-HHC Toulon,"23 Rue Augustin Daumas, 83000 Toulon, France",+33986522123,,https://barongcbd.com/,https://www.google.com/maps/place/Barong+CBD+-+Delta-9+THC+-+10-OH-HHC+Toulon/data=!4m7!3m6!1s0x12c91bfadd90087d:0x602d0bc15f9331e5!8m2!3d43.1216049!4d5.9325367!16s%2Fg%2F11h3c46dgx!19sChIJfQiQ3fobyRIR5TGTX8ELLWA?authuser=0&hl=fr&g_ep=EgoyMDI2MDkxNS4wIJJjKgBIAVAD&rclk=1,,gmb
Toulon,boutique CBD,Cbd Shop Herbi'Diol Toulon,"43 Bd Sainte-Anne, 83000 Toulon, France",+33604103698,contact@herbidiol.fr,https://www.herbidiol.fr/,https://www.google.com/maps/place/Cbd+Shop+Herbi%27Diol+Toulon/data=!4m7!3m6!1s0x12c91bae52e9ddd1:0x553bc70b9d41f081!8m2!3d43.1315296!4d5.9324411!16s%2Fg%2F11q9hrr8b9!19sChIJ0d3pUq4byRIRgfBBnQvHO1U?authuser=0&hl=fr&g_ep=EgoyMDI2MDkxNS4wIJJjKgBIAVAD&rclk=1,,gmb
Toulon,boutique CBD,L'Space Vape & CBD Toulon - Shop Cigarettes Electroniques - E.Liquides - Puffs - Chichas,"405/407 Bd Maréchal Joffre, 83100 Toulon, France",+33763635047,contact@lspacevap.com,https://www.lspacevapecbd.com/,https://www.google.com/maps/place/L%27Space+Vape+%26+CBD+Toulon+-+Shop+Cigarettes+Electroniques+-+E.Liquides+-+Puffs+-+Chichas/data=!4m7!3m6!1s0x12c91b23ee691353:0x85594c634c866405!8m2!3d43.1239627!4d5.9531295!16s%2Fg%2F11t99_dw83!19sChIJUxNp7iMbyRIRBWSGTGNMWYU?authuser=0&hl=fr&g_ep=EgoyMDI2MDkxNS4wIJJjKgBIAVAD&rclk=1,,gmb
Toulon,magasin CBD,Green Labs TOULON - CBD & Bien Être,"45 Rue Léon Jouhaux, 83200 Toulon, France",+33778525862,greenlabstoulon@gmail.com,https://greenlabs-cbd.com/,https://www.google.com/maps/place/Green+Labs+TOULON+-+CBD+%26+Bien+%C3%8Atre/data=!4m7!3m6!1s0x12c91b844a05d699:0xd597a1f55a1f9ea2!8m2!3d43.1286198!4d5.9058377!16s%2Fg%2F11w21bbrrp!19sChIJmdYFSoQbyRIRop4fWvWhl9U?authuser=0&hl=fr&g_ep=EgoyMDI2MDkxNS4wIJJjKgBIAVAD&rclk=1,,gmb
Toulon,magasin CBD,"Vapo Dream – CBD Shop Toulon | Fleurs, Résines & Huiles CBD","296 Av. du 15E Corps, 83200 Toulon, France",,contact@vapodreamcbd.fr,https://vapodreamcbd.fr/,"https://www.google.com/maps/place/Vapo+Dream+%E2%80%93+CBD+Shop+Toulon+%7C+Fleurs,+R%C3%A9sines+%26+Huiles+CBD/data=!4m7!3m6!1s0x12c91bfab13b2f1d:0x385b3e68264ad4e9!8m2!3d43.1286229!4d5.9141918!16s%2Fg%2F11r_vpsght!19sChIJHS87sfobyRIR6dRKJmg-Wzg?authuser=0&hl=fr&g_ep=EgoyMDI2MDkxNS4wIJJjKgBIAVAD&rclk=1",,gmb
Grenoble,boutique CBD,Canna Sphere CBD,"4 Rue Diodore Rahoult, 38000 Grenoble, France",+33456452319,,http://www.cannaspherecbd.com/,https://www.google.com/maps/place/Canna+Sphere+CBD/data=!4m7!3m6!1s0x478af501041c05b1:0x35bf63a4e69e1457!8m2!3d45.1920016!4d5.7281049!16s%2Fg%2F11wmwydk_1!19sChIJsQUcBAH1ikcRVxSe5qRjvzU?authuser=0&hl=fr&g_ep=EgoyMDI2MDkxNS4wIJJjKgBIAVAD&rclk=1,,gmb
Grenoble,boutique CBD,LEGALIZE La Boutique,"30 Cr Berriat, 38000 Grenoble, France",+33641801578,,https://legalize-la-boutique.fr/,https://www.google.com/maps/place/LEGALIZE+La+Boutique/data=!4m7!3m6!1s0x478af5aa1f72b5ed:0x4414cdfd16e86717!8m2!3d45.1880348!4d5.7204073!16s%2Fg%2F11jdk7khx1!19sChIJ7bVyH6r1ikcRF2foFv3NFEQ?authuser=0&hl=fr&g_ep=EgoyMDI2MDkxNS4wIJJjKgBIAVAD&rclk=1,,gmb
Grenoble,boutique CBD,Mr.Green,"58 Bd Joseph Vallier, 38000 Grenoble, France",+33438215409,contact.mrgreencbd@gmail.com,https://mrgreen38.fr/,https://www.google.com/maps/place/Mr.Green/data=!4m7!3m6!1s0x478af3269ac10131:0xe1c04981851dd6b0!8m2!3d45.180295!4d5.7060881!16s%2Fg%2F11n459vz_7!19sChIJMQHBmibzikcRsNYdhYFJwOE?authuser=0&hl=fr&g_ep=EgoyMDI2MDkxNS4wIJJjKgBIAVAD&rclk=1,,gmb
Grenoble,boutique CBD,CIGA FRANCE - Cigarette électronique et CBD à Grenoble,"17 Rue Saint-Jacques, 38000 Grenoble, France",+33476592808,maboutique@ciga-france.fr,https://www.ciga-france.fr/,https://www.google.com/maps/place/CIGA+FRANCE+-+Cigarette+%C3%A9lectronique+et+CBD+%C3%A0+Grenoble/data=!4m7!3m6!1s0x478af48b8ca7d9e7:0xf3b6ab59a7d24454!8m2!3d45.189125!4d5.728611!16s%2Fg%2F11c1nf9j1l!19sChIJ59mnjIv0ikcRVETSp1mrtvM?authuser=0&hl=fr&g_ep=EgoyMDI2MDkxNS4wIJJjKgBIAVAD&rclk=1,,gmb
Grenoble,boutique CBD,Bestown Shop - CBD Grenoble,"19 Rue Raoul Blanchard, 38000 Grenoble, France",+33982547634,,http://bestown-shop.com/,https://www.google.com/maps/place/Bestown+Shop+-+CBD+Grenoble/data=!4m7!3m6!1s0x478af58bed17f911:0xc1f10314cf6dba5f!8m2!3d45.1901104!4d5.7279784!16s%2Fg%2F11fcql2dsz!19sChIJEfkX7Yv1ikcRX7ptzxQD8cE?authuser=0&hl=fr&g_ep=EgoyMDI2MDkxNS4wIJJjKgBIAVAD&rclk=1,,gmb
Grenoble,magasin CBD,Dr Smoke - Grenoble Condorcet,"5 Rue Condorcet, 38000 Grenoble, France",+33638831127,,https://drsmokegrenoble.fr/,https://www.google.com/maps/place/Dr+Smoke+-+Grenoble+Condorcet/data=!4m7!3m6!1s0x478af5c981006f2b:0x58234897c2563504!8m2!3d45.1854073!4d5.7214012!16s%2Fg%2F11s8c13xjs!19sChIJK28Agcn1ikcRBDVWwpdII1g?authuser=0&hl=fr&g_ep=EgoyMDI2MDkxNS4wIJJjKgBIAVAD&rclk=1,,gmb
Grenoble,magasin CBD,"Le VapeShop Grenoble 7j/7 - Cigarettes électroniques & e-liquides, CBD, accessoires etc.","83 Rue Mallifaud, 38100 Grenoble, France",+33979030489,levapeshop@outlook.fr,http://www.levapeshop.com/,"https://www.google.com/maps/place/Le+VapeShop+Grenoble+7j%2F7+-+Cigarettes+%C3%A9lectroniques+%26+e-liquides,+CBD,+accessoires+etc./@45.1811263,5.7263793,17z/data=!3m1!4b1!4m6!3m5!1s0x478af5be539026b3:0x7e51cc6481554622!8m2!3d45.1811263!4d5.7263793!16s%2Fg%2F11llphpqm2?authuser=0&hl=fr&entry=ttu&g_ep=EgoyMDI2MDkxNS4wIKXMDSoASAFQAw%3D%3D",,gmb
Dijon,boutique CBD,The Pot Company CBD Dijon,"31 Rue Guillaume Tell, 21000 Dijon, France",+33380564716,,https://www.thepotcompany.fr/,https://www.google.com/maps/place/The+Pot+Company+CBD+Dijon/data=!4m7!3m6!1s0x47f29d0081265b03:0xdde467fbc750c0ee!8m2!3d47.3252104!4d5.0290507!16s%2Fg%2F11ghtc6jjy!19sChIJA1smgQCd8kcR7sBQx_tn5N0?authuser=0&hl=fr&g_ep=EgoyMDI2MDkxNS4wIJJjKgBIAVAD&rclk=1,,gmb
Dijon,boutique CBD,CBD Dijon Drapeau - Les Fleurs de Jeanne,"83 Av. du Drapeau, 21000 Dijon, France",+33952322791,,http://www.lesfleursdejeanne.com/,https://www.google.com/maps/place/CBD+Dijon+Drapeau+-+Les+Fleurs+de+Jeanne/data=!4m7!3m6!1s0x47f29d7006e5bb2b:0xfd0a50a114ceb57c!8m2!3d47.3382396!4d5.0442369!16s%2Fg%2F11spn2lz81!19sChIJK7vlBnCd8kcRfLXOFKFQCv0?authuser=0&hl=fr&g_ep=EgoyMDI2MDkxNS4wIJJjKgBIAVAD&rclk=1,,gmb
Dijon,boutique CBD,Bestown Shop Dijon - CBD,"16 Rue de Gray, 21000 Dijon, France",+33767979967,bestownshop21@gmail.com,https://bestownshop-dijon.fr/,https://www.google.com/maps/place/Bestown+Shop+Dijon+-+CBD/data=!4m7!3m6!1s0x47f29dcbb2aef8b1:0xd04bb00c8cdf9d39!8m2!3d47.3227673!4d5.0527273!16s%2Fg%2F11qpk67rv9!19sChIJsfiussud8kcROZ3fjAywS9A?authuser=0&hl=fr&g_ep=EgoyMDI2MDkxNS4wIJJjKgBIAVAD&rclk=1,,gmb
Dijon,boutique CBD,Green experience - CBD Dijon,"57 Rue Monge, 21000 Dijon, France",+33345836248,contact@greenexperience.fr,http://www.greenexperience.fr/,https://www.google.com/maps/place/Green+experience+-+CBD+Dijon/data=!4m7!3m6!1s0x47f29d64b476bf8b:0x90c8ede6796226d4!8m2!3d47.3184138!4d5.0333191!16s%2Fg%2F11q3zl2zpn!19sChIJi792tGSd8kcR1CZieebtyJA?authuser=0&hl=fr&g_ep=EgoyMDI2MDkxNS4wIJJjKgBIAVAD&rclk=1,,gmb
Dijon,boutique CBD,BERBIZ COFFEE CBD Dijon,"45 Rue Berbisey, 21000 Dijon, France",+33380306132,,https://berbizcoffee.com/,https://www.google.com/maps/place/BERBIZ+COFFEE+CBD+Dijon/data=!4m7!3m6!1s0x47f29d2e41d3bdb5:0x7c744a0d18bebcc8!8m2!3d47.3180649!4d5.0357683!16s%2Fg%2F11vszg2w_p!19sChIJtb3TQS6d8kcRyLy-GA1KdHw?authuser=0&hl=fr&g_ep=EgoyMDI2MDkxNS4wIJJjKgBIAVAD&rclk=1,,gmb
Dijon,boutique CBD,Oupnos,"104 Rue de Mirande, 21000 Dijon, France",+33621609335,,https://www.weed-eal.fr/,https://www.google.com/maps/place/Oupnos/data=!4m7!3m6!1s0x47f29f4b78946087:0x70ac2fe0dc155640!8m2!3d47.3170734!4d5.0622994!16s%2Fg%2F11ryzmgjxn!19sChIJh2CUeEuf8kcRQFYV3OAvrHA?authuser=0&hl=fr&g_ep=EgoyMDI2MDkxNS4wIJJjKgBIAVAD&rclk=1,,gmb
Angers,boutique CBD,CBD TAWA,"62 Rue Jules Guitton, 49100 Angers, France",+33764235598,,https://cbdtawa.com/,https://www.google.com/maps/place/CBD+TAWA/data=!4m7!3m6!1s0x480879b104821a1b:0x681a9bcf434ca3ab!8m2!3d47.4734876!4d-0.5463115!16s%2Fg%2F11yvys68hw!19sChIJGxqCBLF5CEgRq6NMQ8-bGmg?authuser=0&hl=fr&g_ep=EgoyMDI2MDkxNS4wIJJjKgBIAVAD&rclk=1,,gmb
Angers,boutique CBD,C'BORDER - CBD Angers - Livraison et Click&Collect,"10 Rue de la Parcheminerie, 49100 Angers, France",+33659944301,,https://cborder.fr/,https://www.google.com/maps/place/C%27BORDER+-+CBD+Angers+-+Livraison+et+Click%26Collect/data=!4m7!3m6!1s0x48087974375352bd:0x9b5e73939f317c59!8m2!3d47.4738286!4d-0.5524038!16s%2Fg%2F11xn9nfw5n!19sChIJvVJTN3R5CEgRWXwxn5NzXps?authuser=0&hl=fr&g_ep=EgoyMDI2MDkxNS4wIJJjKgBIAVAD&rclk=1,,gmb
Nîmes,boutique CBD,CBD SHOP NIMES ANONYMSEEDS,"3 Rue Emile Allier, 30000 Nîmes, France",+33979092488,contact@anonym-seeds.fr,https://www.anonym-seeds.fr/,https://www.google.com/maps/place/CBD+SHOP+NIMES+ANONYMSEEDS/data=!4m7!3m6!1s0x12b42d016823dce5:0x29079719df0b92b2!8m2!3d43.827301!4d4.3680154!16s%2Fg%2F11rm7d2kcs!19sChIJ5dwjaAEttBIRspIL3xmXByk?authuser=0&hl=fr&g_ep=EgoyMDI2MDkxNS4wIJJjKgBIAVAD&rclk=1,,gmb
Nîmes,boutique CBD,La Maison de La Vape & CBD Nimes,"31 Bd Gambetta, 30000 Nîmes, France",+33953196557,contact@lamaisondelavape.fr,https://lamaisondelavape.fr/,https://www.google.com/maps/place/La+Maison+de+La+Vape+%26+CBD+Nimes/data=!4m7!3m6!1s0x12b42d0b5c750e05:0x6a8654a3cb7c047b!8m2!3d43.8406912!4d4.3612425!16s%2Fg%2F11xl6zs476!19sChIJBQ51XAsttBIRewR8y6NUhmo?authuser=0&hl=fr&g_ep=EgoyMDI2MDkxNS4wIJJjKgBIAVAD&rclk=1,,gmb
Nîmes,boutique CBD,Bar à DIY Nimes,"400 Av. Marechal Juin, 30900 Nîmes, France",+33466643162,contact@baradiy.com,http://www.baradiy.com/,https://www.google.com/maps/place/Bar+%C3%A0+DIY+Nimes/data=!4m7!3m6!1s0x12b42d8ebf791765:0xa0444d507cedb842!8m2!3d43.8230033!4d4.3511742!16s%2Fg%2F11pf2lr3hn!19sChIJZRd5v44ttBIRQrjtfFBNRKA?authuser=0&hl=fr&g_ep=EgoyMDI2MDkxNS4wIJJjKgBIAVAD&rclk=1,,gmb
Nîmes,boutique CBD,The Hemp Concept,"1 Rue de l'Horloge, 30000 Nîmes, France",+33466276468,,http://www.thehempconcept.com/,https://www.google.com/maps/place/The+Hemp+Concept/data=!4m7!3m6!1s0x12b42d916443debd:0x56782a0d01616715!8m2!3d43.838499!4d4.3587811!16s%2Fg%2F11flbrfk9r!19sChIJvd5DZJEttBIRFWdhAQ0qeFY?authuser=0&hl=fr&g_ep=EgoyMDI2MDkxNS4wIJJjKgBIAVAD&rclk=1,,gmb
Nîmes,magasin CBD,Smoker's Street,"Centre commercial des 7 Collines, 42 Rue du Forez, 30000 Nîmes, France",+33762749090,hello@diviorganicfarming.com,https://smokersstreet.com/,https://www.google.com/maps/place/Smoker%27s+Street/data=!4m7!3m6!1s0xb499afd7410181b:0xff4d568de30f4d12!8m2!3d43.8229923!4d4.3648336!16s%2Fg%2F11tn6kjdcl!19sChIJGxgQdP2aSQsREk0P441WTf8?authuser=0&hl=fr&g_ep=EgoyMDI2MDkxNS4wIJJjKgBIAVAD&rclk=1,,gmb
Villeurbanne,magasin CBD,Vapo Viridis Shop | Magasin cigarette électroniques & CBD,"48 Rue du 8 Mai 1945, 69100 Villeurbanne, France",,,https://vapoviridis.fr/,https://www.google.com/maps/place/Vapo+Viridis+Shop+%7C+Magasin+cigarette+%C3%A9lectroniques+%26+CBD/data=!4m7!3m6!1s0x47f4c1a1267cfd95:0x42ce33177c9d32fa!8m2!3d45.7793213!4d4.8915793!16s%2Fg%2F11vt4r1kqm!19sChIJlf18JqHB9EcR-jKdfBczzkI?authuser=0&hl=fr&g_ep=EgoyMDI2MDkxNS4wIJJjKgBIAVAD&rclk=1,,gmb
Le Mans,boutique CBD,CBD Le Mans - DispenseHerbe,"11 Pl. de l'Éperon, 72100 Le Mans, France",+33749305569,contact@dispenseherbe.fr,https://dispenseherbe.fr/,https://www.google.com/maps/place/CBD+Le+Mans+-+DispenseHerbe/data=!4m7!3m6!1s0x47e289ac0ecd6b77:0xbd1693ff1f5ac919!8m2!3d48.0051693!4d0.1949077!16s%2Fg%2F11swdmbst4!19sChIJd2vNDqyJ4kcRGclaH_-TFr0?authuser=0&hl=fr&g_ep=EgoyMDI2MDkxNS4wIJJjKgBIAVAD&rclk=1,,gmb
Le Mans,boutique CBD,CBD Le Mans 24/24 - Nord,"Station AVIA, Av. Rhin et Danube, 72000 Le Mans, France",+33967302909,,https://www.cbd24.store/,https://www.google.com/maps/place/CBD+Le+Mans+24%2F24+-+Nord/data=!4m7!3m6!1s0x47e2896c60d646e5:0xadbfe95b11ca92c0!8m2!3d48.0261205!4d0.1814147!16s%2Fg%2F11w8xrmyf8!19sChIJ5UbWYGyJ4kcRwJLKEVvpv60?authuser=0&hl=fr&g_ep=EgoyMDI2MDkxNS4wIJJjKgBIAVAD&rclk=1,,gmb
Le Mans,boutique CBD,LE COFFRE A CBD,"40 Rue d'Orléans, 72100 Le Mans, France",+33243232175,contact@lecoffreacbd.fr,https://lecoffreacbd.fr/,https://www.google.com/maps/place/LE+COFFRE+A+CBD/data=!4m7!3m6!1s0x47e289568617740d:0x74fb56e34f35d213!8m2!3d48.0087336!4d0.1892913!16s%2Fg%2F11vwp0798x!19sChIJDXQXhlaJ4kcRE9I1T-NW-3Q?authuser=0&hl=fr&g_ep=EgoyMDI2MDkxNS4wIJJjKgBIAVAD&rclk=1,,gmb
Le Mans,boutique CBD,Chanvrery cbd Le Mans,"Le, 6 Rue Gougeard, 72000 Le Mans, France",+33987356232,,http://www.don-jah.fr/,https://www.google.com/maps/place/Chanvrery+cbd+Le+Mans/data=!4m7!3m6!1s0x47e288d3eff059cf:0xb9dfd9437017060e!8m2!3d48.0051616!4d0.2017875!16s%2Fg%2F11b6b4r_51!19sChIJz1nw79OI4kcRDgYXcEPZ37k?authuser=0&hl=fr&g_ep=EgoyMDI2MDkxNS4wIJJjKgBIAVAD&rclk=1,,gmb
Aix-en-Provence,boutique CBD,Fifty City - Grand CBD AIX,"4 Bd Aristide Briand, 13090 Aix-en-Provence, France",,,http://fiftycity.fr/,https://www.google.com/maps/place/Fifty+City+-+Grand+CBD+AIX/data=!4m7!3m6!1s0x12c98df3e183bd83:0x74c2d70592d0512c!8m2!3d43.532655!4d5.4468533!16s%2Fg%2F11t5k94_jg!19sChIJg72D4fONyRIRLFHQkgXXwnQ?authuser=0&hl=fr&g_ep=EgoyMDI2MDkxNS4wIJJjKgBIAVAD&rclk=1,,gmb
Aix-en-Provence,boutique CBD,CBD VERTUS Aix en Provence,"85 Rue Pascal Fieschi, 13080 Aix-en-Provence, France",+33670392466,contact@cbd-vertus.fr,https://www.cbd-vertus.fr/,https://www.google.com/maps/place/CBD+VERTUS+Aix+en+Provence/data=!4m7!3m6!1s0x12c98dc52ee86bfb:0xf57bce2403e8a850!8m2!3d43.5095755!4d5.4397265!16s%2Fg%2F11z1xw45s4!19sChIJ-2voLsWNyRIRUKjoAyTOe_U?authuser=0&hl=fr&g_ep=EgoyMDI2MDkxNS4wIJJjKgBIAVAD&rclk=1,,gmb
Aix-en-Provence,boutique CBD,NOTORIOUS WEED CBD AIX,"465 Rue Claude Nicolas Ledoux, 13290 Aix-en-Provence, France",+33769154700,contact@notoriousweed.com,https://www.notoriousweed.com/,https://www.google.com/maps/place/NOTORIOUS+WEED+CBD+AIX/data=!4m7!3m6!1s0x12c9ed54b5cc1377:0xe6e25444b49e8d61!8m2!3d43.4816593!4d5.3880085!16s%2Fg%2F11z12km_lz!19sChIJdxPMtVTtyRIRYY2etERU4uY?authuser=0&hl=fr&g_ep=EgoyMDI2MDkxNS4wIJJjKgBIAVAD&rclk=1,,gmb
Clermont-Ferrand,boutique CBD,O BON CBD CLERMONT - FERRAND,"9 Rue Saint-Esprit, 63000 Clermont-Ferrand, France",+33650885685,,https://www.oboncbd.fr/,https://www.google.com/maps/place/O+BON+CBD+CLERMONT+-+FERRAND/data=!4m7!3m6!1s0x47f71b3c49911e6f:0x2388ee00ea8c1af9!8m2!3d45.776015!4d3.0863533!16s%2Fg%2F11ty6_5082!19sChIJbx6RSTwb90cR-RqM6gDuiCM?authuser=0&hl=fr&g_ep=EgoyMDI2MDkxNS4wIJJjKgBIAVAD&rclk=1,,gmb
Clermont-Ferrand,boutique CBD,HERBIANE : CBD CLERMONT-FERRAND,"35 Rue des Chaussetiers, 63000 Clermont-Ferrand, France",+33983259235,contact@herbiane.fr,https://herbiane.fr/,https://www.google.com/maps/place/HERBIANE+:+CBD+CLERMONT-FERRAND/data=!4m7!3m6!1s0x47f71b580108a523:0xfd9d73be355aefa8!8m2!3d45.7784725!4d3.0829555!16s%2Fg%2F11rc23y9sr!19sChIJI6UIAVgb90cRqO9aNb5znf0?authuser=0&hl=fr&g_ep=EgoyMDI2MDkxNS4wIJJjKgBIAVAD&rclk=1,,gmb
Clermont-Ferrand,boutique CBD,THE CORNER STORE CBD AND VAPE,"44 Rue Fontgieve, 63000 Clermont-Ferrand, France",+33982711965,cornerstore63@gmail.com,https://www.thecornerstore.fr/,https://www.google.com/maps/place/THE+CORNER+STORE+CBD+AND+VAPE/data=!4m7!3m6!1s0x47f71bfc38f5eb4b:0xd98ae2e92edfe27e!8m2!3d45.780948!4d3.0788562!16s%2Fg%2F11wjkdl8s_!19sChIJS-v1OPwb90cRfuLfLuniitk?authuser=0&hl=fr&g_ep=EgoyMDI2MDkxNS4wIJJjKgBIAVAD&rclk=1,,gmb
Clermont-Ferrand,boutique CBD,"DUVERGER - CBD Shop, Growshop, Smokeshop, Seeds","35 Rue des Ribes, 63170 Aubière, France",+33473158608,contact@duverger-nb.com,https://duverger-nb.com/,"https://www.google.com/maps/place/DUVERGER+-+CBD+Shop,+Growshop,+Smokeshop,+Seeds/data=!4m7!3m6!1s0x47f71b33854fb939:0x542140ac7ceb6a2c!8m2!3d45.753563!4d3.145017!16s%2Fg%2F11fkt83phr!19sChIJOblPhTMb90cRLGrrfKxAIVQ?authuser=0&hl=fr&g_ep=EgoyMDI2MDkxNS4wIJJjKgBIAVAD&rclk=1",,gmb
Clermont-Ferrand,boutique CBD,Mybud Shop CBD Clermont,"12 Rue de la République, 60600 Clermont, France",+33978808827,contact@mybudshop.fr,https://mybudshop.fr/boutiques/clermont/,https://www.google.com/maps/place/Mybud+Shop+CBD+Clermont/data=!4m7!3m6!1s0x47e7b5c24e5203c1:0x526db4530bdd1c64!8m2!3d49.376481!4d2.413883!16s%2Fg%2F11v0lkj76p!19sChIJwQNSTsK150cRZBzdC1O0bVI?authuser=0&hl=fr&g_ep=EgoyMDI2MDkxNS4wIJJjKgBIAVAD&rclk=1,,gmb
Clermont-Ferrand,boutique CBD,Magasin de CBD CB D'eau Clermont Ferrand,"49 Rue Georges Clemenceau, 63000 Clermont-Ferrand, France",+33415399952,contact@etre-visible.local.fr,https://www.cbdeau-clermont-ferrand.fr/,https://www.google.com/maps/place/Magasin+de+CBD+CB+D%27eau+Clermont+Ferrand/data=!4m7!3m6!1s0x47f71bb99475eb2d:0x614073f9e47143d8!8m2!3d45.774055!4d3.0851073!16s%2Fg%2F11q2scnx4y!19sChIJLet1lLkb90cR2ENx5PlzQGE?authuser=0&hl=fr&g_ep=EgoyMDI2MDkxNS4wIJJjKgBIAVAD&rclk=1,,gmb
Brest,boutique CBD,Purple Store - Boutique CBD Bien-être,"15 Rue Amiral Linois, 29200 Brest, France",+33229615325,contact@purple-store.fr,https://purplestore-bzh.com/,https://www.google.com/maps/place/Purple+Store+-+Boutique+CBD+Bien-%C3%AAtre/data=!4m7!3m6!1s0x4816b9050c15c2db:0x253a9c7922b070c4!8m2!3d48.3862481!4d-4.4899168!16s%2Fg%2F11rj5_nxld!19sChIJ28IVDAW5FkgRxHCwInmcOiU?authuser=0&hl=fr&g_ep=EgoyMDI2MDkxNS4wIJJjKgBIAVAD&rclk=1,,gmb
Brest,boutique CBD,"Divinatura : Produits de bien-être CBD à Brest - Fleurs, Résines, Huiles, Infusions, etc...","36 Rue Amiral Linois, 29200 Brest, France",+33298852570,contact@divinatura.fr,http://www.divinatura.fr/,"https://www.google.com/maps/place/Divinatura+:+Produits+de+bien-%C3%AAtre+CBD+%C3%A0+Brest+-+Fleurs,+R%C3%A9sines,+Huiles,+Infusions,+etc.../data=!4m7!3m6!1s0x481161aa0a6fcfe9:0xa4ca870abf96985b!8m2!3d48.385615!4d-4.4911281!16s%2Fg%2F11p0_71h_c!19sChIJ6c9vCqphEUgRW5iWvwqHyqQ?authuser=0&hl=fr&g_ep=EgoyMDI2MDkxNS4wIJJjKgBIAVAD&rclk=1",,gmb
Brest,boutique CBD,Peace n' Vape - CBD Shop / Vape Shop à Brest,"36 Rue Amiral Linois, 29200 Brest, France",+33298852570,contact@peacenvape.com,http://www.peacenvape.com/,https://www.google.com/maps/place/Peace+n%27+Vape+-+CBD+Shop+%2F+Vape+Shop+%C3%A0+Brest/data=!4m7!3m6!1s0x4816b9f53fb11537:0xb78da66e5ed1d65b!8m2!3d48.385615!4d-4.4911281!16s%2Fg%2F11fvcgwq7_!19sChIJNxWxP_W5FkgRW9bRXm6mjbc?authuser=0&hl=fr&g_ep=EgoyMDI2MDkxNS4wIJJjKgBIAVAD&rclk=1,,gmb
Tours,boutique CBD,KING CBD TOURS TRANCHEE,"126 Av. de la Tranchée, 37100 Tours, France",+33246469595,info@kingcbdfrance.fr,https://kingcbdfrance.fr/,https://www.google.com/maps/place/KING+CBD+TOURS+TRANCHEE/data=!4m7!3m6!1s0x47fcd584bdf55ffb:0xcd0cfd216d98b69!8m2!3d47.4072332!4d0.6817049!16s%2Fg%2F11rww9m6nk!19sChIJ-1_1vYTV_EcRaYvZFtLP0Aw?authuser=0&hl=fr&g_ep=EgoyMDI2MDkxNS4wIJJjKgBIAVAD&rclk=1,,gmb
Tours,boutique CBD,Herbe a Chat CBD Tours,"12 Rue du Change, 37000 Tours, France",+33658276267,contact@herbeachatcbd.com,https://herbeachatcbd.com/?utm_source=gmb,https://www.google.com/maps/place/Herbe+a+Chat+CBD+Tours/data=!4m7!3m6!1s0x4959f81114616487:0x54658b178baa3a65!8m2!3d47.39385!4d0.682043!16s%2Fg%2F11ld234pyf!19sChIJh2RhFBH4WUkRZTqqixeLZVQ?authuser=0&hl=fr&g_ep=EgoyMDI2MDkxNS4wIJJjKgBIAVAD&rclk=1,,gmb
Tours,boutique CBD,Hemp Selection Tours Nord - CBD & Cigarette électronique - Made in France,"32 Av. André Maginot, 37100 Tours, France",+33983333268,,http://www.hempselection.fr/,https://www.google.com/maps/place/Hemp+Selection+Tours+Nord+-+CBD+%26+Cigarette+%C3%A9lectronique+-+Made+in+France/data=!4m7!3m6!1s0x47fcd52e1145b59f:0xe2612ce957b0154f!8m2!3d47.4101833!4d0.6824983!16s%2Fg%2F11pg8g76xt!19sChIJn7VFES7V_EcRTxWwV-ksYeI?authuser=0&hl=fr&g_ep=EgoyMDI2MDkxNS4wIJJjKgBIAVAD&rclk=1,,gmb
Tours,boutique CBD,MARAKUSH CBD / Grow shop,"27 Rue des Déportés, 37000 Tours, France",+33665955945,,https://www.marakushtouraine.com/mk-garden-jardinerie?utm_source=gmb,https://www.google.com/maps/place/MARAKUSH+CBD+%2F+Grow+shop/data=!4m7!3m6!1s0x47fcd566e0f690c9:0x7d2d50b1b6cb9579!8m2!3d47.3927133!4d0.6864416!16s%2Fg%2F11ll670f8w!19sChIJyZD24GbV_EcReZXLtrFQLX0?authuser=0&hl=fr&g_ep=EgoyMDI2MDkxNS4wIJJjKgBIAVAD&rclk=1,,gmb
Tours,boutique CBD,CBD Tours - Green Shop,"2 Pl. du Grand Marché, 37000 Tours, France",+33659778114,,https://green-shop.me/,https://www.google.com/maps/place/CBD+Tours+-+Green+Shop/data=!4m7!3m6!1s0x47fcd55da9ffa0e1:0xbe67bf0928e42284!8m2!3d47.3941606!4d0.6805651!16s%2Fg%2F11m_zlm_xt!19sChIJ4aD_qV3V_EcRhCLkKAm_Z74?authuser=0&hl=fr&g_ep=EgoyMDI2MDkxNS4wIJJjKgBIAVAD&rclk=1,,gmb
Tours,boutique CBD,CBD Tours - Le Chanvre Breton,"32 Rue Colbert, 37000 Tours, France",+33656762597,,http://lechanvrebreton.fr/,https://www.google.com/maps/place/CBD+Tours+-+Le+Chanvre+Breton/data=!4m7!3m6!1s0x47fcd524225b8447:0xfc8c58681bb2e67!8m2!3d47.3957744!4d0.6884681!16s%2Fg%2F11m_f0xxd5!19sChIJR4RbIiTV_EcRZy67gYbFyA8?authuser=0&hl=fr&g_ep=EgoyMDI2MDkxNS4wIJJjKgBIAVAD&rclk=1,,gmb
Tours,magasin CBD,CBD Tours - Kalikush,"32 Av. Jacques Duclos, 37700 Saint-Pierre-des-Corps, France",+33247411140,contact@kalikush.fr,https://www.kalikush.fr/,https://www.google.com/maps/place/CBD+Tours+-+Kalikush/data=!4m7!3m6!1s0x47fcd5bfc5272c09:0x8cb03d9db4416efc!8m2!3d47.3796308!4d0.7224781!16s%2Fg%2F11mk_pl5_n!19sChIJCSwnxb_V_EcR_G5BtJ09sIw?authuser=0&hl=fr&g_ep=EgoyMDI2MDkxNS4wIJJjKgBIAVAD&rclk=1,,gmb
Tours,magasin CBD,Vapo'Chill | Tours Nord l Cigarette électronique & CBD I,"centre commercial auchan, 31 Av. Gustave Eiffel, 37100 Tours, France",+33247389789,boutiqueweb@vapochill.fr,https://www.vapochill.fr/,https://www.google.com/maps/place/Vapo%27Chill+%7C+Tours+Nord+l+Cigarette+%C3%A9lectronique+%26+CBD+I/data=!4m7!3m6!1s0x47fcd4de2a49603f:0x192f142b5abb0017!8m2!3d47.4276111!4d0.6995766!16s%2Fg%2F11c1n1b80z!19sChIJP2BJKt7U_EcRFwC7WisULxk?authuser=0&hl=fr&g_ep=EgoyMDI2MDkxNS4wIJJjKgBIAVAD&rclk=1,,gmb
Tours,magasin CBD,J WELL SHOP Cigarette électronique & CBD Tours,"59 Av. de Grammont, 37000 Tours, France",+33974972822,,https://www.jwellshop.fr/,https://www.google.com/maps/place/J+WELL+SHOP+Cigarette+%C3%A9lectronique+%26+CBD+Tours/data=!4m7!3m6!1s0x47fcd5cbe8445031:0x38cc0ccb9e334451!8m2!3d47.3841874!4d0.6909225!16s%2Fg%2F11btmd0pdb!19sChIJMVBE6MvV_EcRUUQznssMzDg?authuser=0&hl=fr&g_ep=EgoyMDI2MDkxNS4wIJJjKgBIAVAD&rclk=1,,gmb
Limoges,boutique CBD,CBD shop,"16 Rue de Nexon, 87000 Limoges, France",+33678853530,,http://www.nectarvert.fr/,https://www.google.com/maps/place/CBD+shop/data=!4m7!3m6!1s0x47f933e646983dcd:0xe7f8c09ea624127c!8m2!3d45.8195325!4d1.2658038!16s%2Fg%2F11rdyjp4fz!19sChIJzT2YRuYz-UcRfBIkpp7A-Oc?authuser=0&hl=fr&g_ep=EgoyMDI2MDkxNS4wIJJjKgBIAVAD&rclk=1,,gmb
Limoges,boutique CBD,La Maison Du CBD - CBD Limoges,"60 Av. Georges Dumas, 87000 Limoges, France",+33623330636,,https://la-maison-du-cbd.fr/,https://www.google.com/maps/place/La+Maison+Du+CBD+-+CBD+Limoges/data=!4m7!3m6!1s0x47f935efd8569293:0xc92a55025d823ce!8m2!3d45.82739!4d1.260864!16s%2Fg%2F11j86vxyry!19sChIJk5JW2O81-UcRziPYJVClkgw?authuser=0&hl=fr&g_ep=EgoyMDI2MDkxNS4wIJJjKgBIAVAD&rclk=1,,gmb
Limoges,boutique CBD,CBD GREEN Limoges Jean Jaures,"1 Rue Jean Jaurès, 87000 Limoges, France",+33587503906,contact@cbdgreenfrance.fr,http://cbdgreenfrance.fr,https://www.google.com/maps/place/CBD+GREEN+Limoges+Jean+Jaures/data=!4m7!3m6!1s0x47f9357e87543a7d:0xf11bc0866515fc52!8m2!3d45.8286528!4d1.2614383!16s%2Fg%2F11qr15p8gv!19sChIJfTpUh341-UcRUvwVZYbAG_E?authuser=0&hl=fr&g_ep=EgoyMDI2MDkxNS4wIJJjKgBIAVAD&rclk=1,https://www.pagesjaunes.fr/pros/61575273,pagesjaunes
Limoges,boutique CBD,Organic Green Shop (CBD Limoges),"44 Rue Jean Jaurès, 87000 Limoges, France",+33616387824,organicgreenshoplucas@gmail.com,https://organicgreenshop.fr/,https://www.google.com/maps/place/Organic+Green+Shop+%28CBD+Limoges%29/data=!4m7!3m6!1s0x47f935aa39b708d1:0xf850936eeab5ffe2!8m2!3d45.8314489!4d1.2589506!16s%2Fg%2F11rhjfg7km!19sChIJ0Qi3Oao1-UcR4v-16m6TUPg?authuser=0&hl=fr&g_ep=EgoyMDI2MDkxNS4wIJJjKgBIAVAD&rclk=1,,gmb
Amiens,boutique CBD,CBD Amiens - Valala,"7 Rue Saint-Jacques, 80000 Amiens, France",+33651566043,contactvalalacbd@gmail.com,https://valala-cbdshop.com/,https://www.google.com/maps/place/CBD+Amiens+-+Valala/data=!4m7!3m6!1s0x47e7855db0086ac7:0x2c6dd7d24b79526!8m2!3d49.8962128!4d2.292663!16s%2Fg%2F11vymwypwx!19sChIJx2oIsF2F50cRJpW3JH3dxgI?authuser=0&hl=fr&g_ep=EgoyMDI2MDkxNS4wIJJjKgBIAVAD&rclk=1,,gmb
Amiens,boutique CBD,CBD SHOP - Extrem-Lab,"20 Pl. de l'Hôtel de ville, 80000 Amiens, France",+33986411393,contact@extrem-lab.fr,http://www.extrem-lab.fr/,https://www.google.com/maps/place/CBD+SHOP+-+Extrem-Lab/data=!4m7!3m6!1s0x47e785463673944f:0x858b345dc818baaa!8m2!3d49.8929016!4d2.2953025!16s%2Fg%2F11qzxkfm7d!19sChIJT5RzNkaF50cRqroYyF00i4U?authuser=0&hl=fr&g_ep=EgoyMDI2MDkxNS4wIJJjKgBIAVAD&rclk=1,,gmb
Amiens,boutique CBD,CBD Amiens - Barakana,"6 Rue Dumeril, 80000 Amiens, France",+33365675809,,https://barakana.fr/,https://www.google.com/maps/place/CBD+Amiens+-+Barakana/data=!4m7!3m6!1s0x47e785767edb6c51:0x96775bd8b10f0f08!8m2!3d49.892922!4d2.296072!16s%2Fg%2F11ygk4_6kv!19sChIJUWzbfnaF50cRCA8Psdhbd5Y?authuser=0&hl=fr&g_ep=EgoyMDI2MDkxNS4wIJJjKgBIAVAD&rclk=1,,gmb
Amiens,boutique CBD,CBD Amiens - Le Coq Zen,"5 Rue des Otages, 80000 Amiens, France",+33670492071,lecoqzen@gmail.com,https://www.lecoqzen.fr/,https://www.google.com/maps/place/CBD+Amiens+-+Le+Coq+Zen/data=!4m7!3m6!1s0x47e7858d71b71d85:0x86c35fd978733181!8m2!3d49.8908837!4d2.3025974!16s%2Fg%2F11zfww15tn!19sChIJhR23cY2F50cRgTFzeNlfw4Y?authuser=0&hl=fr&g_ep=EgoyMDI2MDkxNS4wIJJjKgBIAVAD&rclk=1,,gmb
Annecy,boutique CBD,Natural Chill,"11 Rue de la Préfecture, 74000 Annecy, France",+33621331559,contact@naturalchill.fr,http://www.naturalchill.fr/,https://www.google.com/maps/place/Natural+Chill/data=!4m7!3m6!1s0x478b8ff087996a7f:0x75ebc2ce17c8f2d8!8m2!3d45.9021934!4d6.1288982!16s%2Fg%2F11f4q__0t9!19sChIJf2qZh_CPi0cR2PLIF87C63U?authuser=0&hl=fr&g_ep=EgoyMDI2MDkxNS4wIJJjKgBIAVAD&rclk=1,,gmb
Annecy,boutique CBD,So Natural CBD shop ANNECY,"1 Quai des Cordeliers, 74000 Annecy, France",+33695711409,contact@sonaturalcbd.fr,http://sonaturalcbd.fr/,https://www.google.com/maps/place/So+Natural+CBD+shop+ANNECY/data=!4m7!3m6!1s0x478b8f83b082d85d:0x9ec77481a0aca551!8m2!3d45.8989766!4d6.1225206!16s%2Fg%2F11vlw45zbx!19sChIJXdiCsIOPi0cRUaWsoIF0x54?authuser=0&hl=fr&g_ep=EgoyMDI2MDkxNS4wIJJjKgBIAVAD&rclk=1,,gmb
Annecy,boutique CBD,Le 420 - CBD Shop Annecy,"Galerie de l'Emeraude, 4 Rue Jean Jaurès, 74000 Annecy, France",+33761113666,,http://420greenstreet.fr/,https://www.google.com/maps/place/Le+420+-+CBD+Shop+Annecy/data=!4m7!3m6!1s0x478b8f9000ac45dd:0xc5737a4c6658a47b!8m2!3d45.9026962!4d6.1288429!16s%2Fg%2F11sj_3n962!19sChIJ3UWsAJCPi0cRe6RYZkx6c8U?authuser=0&hl=fr&g_ep=EgoyMDI2MDkxNS4wIJJjKgBIAVAD&rclk=1,,gmb
Perpignan,boutique CBD,CBD perpignan Yama Sté,"15 Bd Georges Clemenceau, 66000 Perpignan, France",+33468981242,,https://yamaste.fr/,https://www.google.com/maps/place/CBD+perpignan+Yama+St%C3%A9/data=!4m7!3m6!1s0x12b06fedcc031395:0x15823d561e1808cc!8m2!3d42.700649!4d2.89135!16s%2Fg%2F11s_wzsqvc!19sChIJlRMDzO1vsBIRzAgYHlY9ghU?authuser=0&hl=fr&g_ep=EgoyMDI2MDkxNS4wIJJjKgBIAVAD&rclk=1,,gmb
Perpignan,boutique CBD,CBD iN: le Cbd premium dès 1€,"Galerie Rive Gauche Après SFR dans la galerie, 29 Quai Sébastien Vauban, 66000 Perpignan, France",+33468896292,,http://www.cbdinperpignan.fr/,https://www.google.com/maps/place/CBD+iN:+le+Cbd+premium+d%C3%A8s+1%E2%82%AC/data=!4m7!3m6!1s0x12b06f8d27165a21:0x3502154b0fb1cd65!8m2!3d42.6993936!4d2.8919324!16s%2Fg%2F11q9561q22!19sChIJIVoWJ41vsBIRZc2xD0sVAjU?authuser=0&hl=fr&g_ep=EgoyMDI2MDkxNS4wIJJjKgBIAVAD&rclk=1,,gmb
Perpignan,boutique CBD,Deli Hemp - CBD Perpignan,"1158 Chem. de la Fossella, 66100 Perpignan, France",+33468388050,delihemp66@gmail.com,https://perpignan.city-shopping.fr/Commerce/Deli-Hemp-Perpignan,https://www.google.com/maps/place/Deli+Hemp+-+CBD+Perpignan/data=!4m7!3m6!1s0x12b071dab4171365:0x1a8ef894d95ab1c9!8m2!3d42.6679247!4d2.8996524!16s%2Fg%2F11rxp76ln_!19sChIJZRMXtNpxsBIRybFa2ZT4jho?authuser=0&hl=fr&g_ep=EgoyMDI2MDkxNS4wIJJjKgBIAVAD&rclk=1,,gmb
Perpignan,magasin CBD,BudakusH CBD Perpignan,"4 Rue de la Fusterie, 66000 Perpignan, France",+33635144089,,https://pajnewdamprdsta001.blob.core.windows.net/newdam/79/3e/6b/00/00/8f/a9/8e/8d/0e/626a793e6b00008fa98e8d0e/626a793e6b00008fa98e8d0f,https://www.google.com/maps/place/BudakusH+CBD+Perpignan/data=!4m7!3m6!1s0x12b06f3e8091d8bd:0x13db478dd500ba83!8m2!3d42.6976787!4d2.8952502!16s%2Fg%2F11t04pgr1n!19sChIJvdiRgD5vsBIRg7oA1Y1H2xM?authuser=0&hl=fr&g_ep=EgoyMDI2MDkxNS4wIJJjKgBIAVAD&rclk=1,https://www.pagesjaunes.fr/pros/61538981,pagesjaunes
Boulogne-Billancourt,boutique CBD,Deli Hemp CBD Shop Boulogne & Cigarette électronique,"20 Bis Rte de la Reine, 92100 Boulogne-Billancourt, France",+33186042586,,https://boutique.deli-hemp.fr/?utm_source=gbp,https://www.google.com/maps/place/Deli+Hemp+CBD+Shop+Boulogne+%26+Cigarette+%C3%A9lectronique/data=!4m7!3m6!1s0x47e67b0a15f9cf47:0x5437f476564dc668!8m2!3d48.8390581!4d2.2492205!16s%2Fg%2F11hftft6t0!19sChIJR8_5FQp75kcRaMZNVnb0N1Q?authuser=0&hl=fr&g_ep=EgoyMDI2MDkxNS4wIJJjKgBIAVAD&rclk=1,,gmb
Boulogne-Billancourt,boutique CBD,L'ABC du CBD Shop Boulogne,"92 bis Rte de la Reine, 92100 Boulogne-Billancourt, France",+33141312072,boulognecbd@yahoo.fr,https://www.cbdboulogne.com/,https://www.google.com/maps/place/L%27ABC+du+CBD+Shop+Boulogne/data=!4m7!3m6!1s0x47e67addba3d3617:0xd356bd994cd85f74!8m2!3d48.8400225!4d2.2380241!16s%2Fg%2F1pp2vgygb!19sChIJFzY9ut165kcRdF_YTJm9VtM?authuser=0&hl=fr&g_ep=EgoyMDI2MDkxNS4wIJJjKgBIAVAD&rclk=1,,gmb
Boulogne-Billancourt,boutique CBD,Relax Shop Boulogne-Billancourt,"255 Bd Jean Jaurès, 92100 Boulogne-Billancourt, France",+33688361175,,http://relax-shop.net,https://www.google.com/maps/place/Relax+Shop+Boulogne-Billancourt/data=!4m7!3m6!1s0x47e67b35a54cdee5:0xb50140312fd122f!8m2!3d48.826871!4d2.2474986!16s%2Fg%2F11rwjg8hht!19sChIJ5d5MpTV75kcRLxL9EgMUUAs?authuser=0&hl=fr&g_ep=EgoyMDI2MDkxNS4wIJJjKgBIAVAD&rclk=1,https://www.pagesjaunes.fr/pros/61129172,pagesjaunes
Metz,boutique CBD,Vibe City 🦩 / CBD Shop Metz,"17 Rue de la Tête d'Or, 57000 Metz, France",+33982010686,contact@vibecity.fr,https://www.vibecity.fr/,https://www.google.com/maps/place/Vibe+City+%F0%9F%A6%A9+%2F+CBD+Shop+Metz/data=!4m7!3m6!1s0x4794dd41713f7d19:0xd57ef46c47eecd57!8m2!3d49.1173265!4d6.1769187!16s%2Fg%2F11z2d2lc44!19sChIJGX0_cUHdlEcRV83uR2z0ftU?authuser=0&hl=fr&g_ep=EgoyMDI2MDkxNS4wIJJjKgBIAVAD&rclk=1,,gmb
Metz,boutique CBD,Green And Relax - CBD METZ -,"Entre H&M et Nocibé, Place du Forum, 11bis, 57000 Metz, France",+33387228063,info@greenandrelax.fr,http://www.greenandrelax.fr/,https://www.google.com/maps/place/Green+And+Relax+-+CBD+METZ+-/data=!4m7!3m6!1s0x4794dd0038ff3ee5:0xbf80120b12e49eaf!8m2!3d49.1178144!4d6.1767726!16s%2Fg%2F11y92dyscb!19sChIJ5T7_OADdlEcRr57kEgsSgL8?authuser=0&hl=fr&g_ep=EgoyMDI2MDkxNS4wIJJjKgBIAVAD&rclk=1,,gmb
Metz,boutique CBD,Jurassic Weed / CBD SHOP,"3 Rue Pierre Hardie, 57000 Metz, France",+33777207225,,https://jurassicweed.fr/,https://www.google.com/maps/place/Jurassic+Weed+%2F+CBD+SHOP/data=!4m7!3m6!1s0x4794dfdfb5fb3fc5:0x1c91b0f6566ec5ec!8m2!3d49.1193808!4d6.1730307!16s%2Fg%2F11yr88wndz!19sChIJxT_7td_flEcR7MVuVvawkRw?authuser=0&hl=fr&g_ep=EgoyMDI2MDkxNS4wIJJjKgBIAVAD&rclk=1,,gmb
Metz,boutique CBD,Green Planet CBD METZ,"40 En Chaplerue, 57000 Metz, France",+33387372574,,https://www.green-planet.fr/,https://www.google.com/maps/place/Green+Planet+CBD+METZ/data=!4m7!3m6!1s0x4794dd4fc5e3a41f:0x498a0d4b3d3bdbd6!8m2!3d49.1163283!4d6.1770691!16s%2Fg%2F11gpgd_9pr!19sChIJH6TjxU_dlEcR1ts7PUsNikk?authuser=0&hl=fr&g_ep=EgoyMDI2MDkxNS4wIJJjKgBIAVAD&rclk=1,,gmb
Metz,boutique CBD,CBD Shop Metz | MILSENS CBD - Produits CBD Premium,"39 En Fournirue, 57000 Metz, France",+33961545884,info@milsens.eu,https://www.milsens.fr/,https://www.google.com/maps/place/CBD+Shop+Metz+%7C+MILSENS+CBD+-+Produits+CBD+Premium/data=!4m7!3m6!1s0x4794dd739255c737:0x6405dd1da8a3fae8!8m2!3d49.1183163!4d6.1776954!16s%2Fg%2F11ymj0mjt4!19sChIJN8dVknPdlEcR6PqjqB3dBWQ?authuser=0&hl=fr&g_ep=EgoyMDI2MDkxNS4wIJJjKgBIAVAD&rclk=1,,gmb
Metz,boutique CBD,CBD Metz - Buddha Farm´s,"17 Rue des Jardins, 57000 Metz, France",+33372729357,contact@buddhafarms.fr,https://www.buddhafarms.fr/,https://www.google.com/maps/place/CBD+Metz+-+Buddha+Farm%C2%B4s/data=!4m7!3m6!1s0x4794df7cd0a8bde7:0xedd7c25bf428c9d1!8m2!3d49.1212346!4d6.1772297!16s%2Fg%2F11ngtbm_r8!19sChIJ572o0HzflEcR0cko9FvC1-0?authuser=0&hl=fr&g_ep=EgoyMDI2MDkxNS4wIJJjKgBIAVAD&rclk=1,,gmb
Metz,boutique CBD,CBD Metz - La Jungle de Tom,"238 Rue de Pont-à-Mousson, 57950 Montigny-lès-Metz, France",+33355746632,contact.lajungledetom@gmail.com,https://lajungledetom.com/,https://www.google.com/maps/place/CBD+Metz+-+La+Jungle+de+Tom/data=!4m7!3m6!1s0x4794dbe2873d277d:0xd8f228c297c72dd7!8m2!3d49.0980787!4d6.1470119!16s%2Fg%2F11h88gcrj5!19sChIJfSc9h-LblEcR1y3Hl8Io8tg?authuser=0&hl=fr&g_ep=EgoyMDI2MDkxNS4wIJJjKgBIAVAD&rclk=1,,gmb
Metz,boutique CBD,Zen Store,"141 Av. de Thionville, 57050 Metz, France",+33685712056,,http://www.zenstorecbd.fr/,https://www.google.com/maps/place/Zen+Store/data=!4m7!3m6!1s0x4794d90bab6351bd:0xfeaab84935243bd3!8m2!3d49.1418613!4d6.1655122!16s%2Fg%2F11yzdqvrsd!19sChIJvVFjqwvZlEcR0zskNUm4qv4?authuser=0&hl=fr&g_ep=EgoyMDI2MDkxNS4wIJJjKgBIAVAD&rclk=1,,gmb
Metz,magasin CBD,Distributeur automatique de Cbd,"Av. de Strasbourg, 57070 Metz, France",,,http://www.deepgreenlimitedcbd.com/,https://www.google.com/maps/place/Distributeur+automatique+de+Cbd/data=!4m7!3m6!1s0x4794dd004082a353:0x31970222ddb7e311!8m2!3d49.0957423!4d6.2201693!16s%2Fg%2F11yzt8kt28!19sChIJU6OCQADdlEcREeO33SIClzE?authuser=0&hl=fr&g_ep=EgoyMDI2MDkxNS4wIJJjKgBIAVAD&rclk=1,,gmb
Besançon,boutique CBD,MEM CBD | Bien-Être,"14 Rue René Char, 25000 Besançon, France",+33950017454,,https://shorturl.fulleapps.io/memcbd,https://www.google.com/maps/place/MEM+CBD+%7C+Bien-%C3%8Atre/data=!4m7!3m6!1s0x478d6371d5da8651:0xbbee75224c3d5a31!8m2!3d47.2183232!4d5.9531864!16s%2Fg%2F11t2_pw6lj!19sChIJUYba1XFjjUcRMVo9TCJ17rs?authuser=0&hl=fr&g_ep=EgoyMDI2MDkxNS4wIJJjKgBIAVAD&rclk=1,,gmb
Besançon,boutique CBD,BioCbd22,"Rue de Vesoul, 25000 Besançon, France",+33768657820,,https://biocbd22.fr/store/,https://www.google.com/maps/place/BioCbd22/data=!4m7!3m6!1s0x478d638876c6ce49:0x358d91f1c5f8626b!8m2!3d47.2571705!4d6.0112742!16s%2Fg%2F11ntknpjrd!19sChIJSc7GdohjjUcRa2L4xfGRjTU?authuser=0&hl=fr&g_ep=EgoyMDI2MDkxNS4wIJJjKgBIAVAD&rclk=1,,gmb
Besançon,boutique CBD,Bio botanics CBD - Besançon,"14 Rue de Belfort, 25000 Besançon, France",+33381556121,biobotanics25@gmail.com,https://www.biobotanics-cbd.fr/,https://www.google.com/maps/place/Bio+botanics+CBD+-+Besan%C3%A7on/data=!4m7!3m6!1s0x478d63fc1cc5727d:0x6536066dae48f28!8m2!3d47.2467404!4d6.0267075!16s%2Fg%2F11f9vy775b!19sChIJfXLFHPxjjUcRKI_k2mZgUwY?authuser=0&hl=fr&g_ep=EgoyMDI2MDkxNS4wIJJjKgBIAVAD&rclk=1,,gmb
Besançon,boutique CBD,"Bio CBD et Epicerie artisanale ""BIO C Besançon""","87 Grande Rue, 25000 Besançon, France",+33635239862,contact.biocbd@gmail.com,https://biocbd-france.fr/,https://www.google.com/maps/place/Bio+CBD+et+Epicerie+artisanale+%22BIO+C+Besan%C3%A7on%22/data=!4m7!3m6!1s0x478d63335614b5ff:0x48a78d272e0234ea!8m2!3d47.236841!4d6.0255397!16s%2Fg%2F11lszrdv2d!19sChIJ_7UUVjNjjUcR6jQCLieNp0g?authuser=0&hl=fr&g_ep=EgoyMDI2MDkxNS4wIJJjKgBIAVAD&rclk=1,,gmb
Besançon,boutique CBD,CBD Besançon - Weed Paradise,"156 Rue de Dole, 25000 Besançon, France",+33665245702,,https://weedparadise-cbd.fr/fr,https://www.google.com/maps/place/CBD+Besan%C3%A7on+-+Weed+Paradise/data=!4m7!3m6!1s0x478d6366357618df:0x50e238dc08a6ac13!8m2!3d47.2286505!4d5.9861008!16s%2Fg%2F11t3yvfvf_!19sChIJ3xh2NWZjjUcRE6ymCNw44lA?authuser=0&hl=fr&g_ep=EgoyMDI2MDkxNS4wIJJjKgBIAVAD&rclk=1,,gmb
Besançon,boutique CBD,B420 - CBD à Besançon,,+33754409535,service-client@b420.eu,https://b420.eu/,https://www.google.com/maps/place/B420+-+CBD+%C3%A0+Besan%C3%A7on/data=!4m7!3m6!1s0x478d63d23c7c7749:0x4ca573e6bda61093!8m2!3d47.2602044!4d6.01226!16s%2Fg%2F11n46s4j4z!19sChIJSXd8PNJjjUcRkxCmveZzpUw?authuser=0&hl=fr&g_ep=EgoyMDI2MDkxNS4wIJJjKgBIAVAD&rclk=1,,gmb
Besançon,boutique CBD,Terra-Binoïdes,"20 Rue du Tunnel, 25000 Besançon, France",+33651804185,,https://www.terra-binoides.com/,https://www.google.com/maps/place/Terra-Bino%C3%AFdes/data=!4m7!3m6!1s0x9da677a5ced91f3:0x5d410be582c878c7!8m2!3d47.2542892!4d6.0196832!16s%2Fg%2F11v5v2kf94!19sChIJ85HtXHpn2gkRx3jIguULQV0?authuser=0&hl=fr&g_ep=EgoyMDI2MDkxNS4wIJJjKgBIAVAD&rclk=1,,gmb
Orléans,boutique CBD,CBD STORE ORLEANS,"39 Rue de la Bretonnerie, 23 Rue de la République, 45000 Orléans, France",,,https://cbdstore-gh.fr/,https://www.google.com/maps/place/CBD+STORE+ORLEANS/data=!4m7!3m6!1s0x47e4e5ee5eb0b781:0x639b0758cb96d1a0!8m2!3d47.9050767!4d1.9044634!16s%2Fg%2F11nc7lw39_!19sChIJgbewXu7l5EcRoNGWy1gHm2M?authuser=0&hl=fr&g_ep=EgoyMDI2MDkxNS4wIJJjKgBIAVAD&rclk=1,,gmb
Orléans,boutique CBD,🌿 Les Artisans du Chanvre - CBD Orléans,"81 Rue Bannier, 45000 Orléans, France",+33238685730,contact@lesartisansduchanvre.fr,https://lesartisansduchanvre.fr/,https://www.google.com/maps/place/%F0%9F%8C%BF+Les+Artisans+du+Chanvre+-+CBD+Orl%C3%A9ans/data=!4m7!3m6!1s0x47e4e57c4b8100af:0xb6dad34089754097!8m2!3d47.9052932!4d1.9023976!16s%2Fg%2F11rfm0vj3_!19sChIJrwCBS3zl5EcRl0B1iUDT2rY?authuser=0&hl=fr&g_ep=EgoyMDI2MDkxNS4wIJJjKgBIAVAD&rclk=1,,gmb
Orléans,boutique CBD,L’ As Weed,"1 Rue des 3 Clefs, 45000 Orléans, France",+33238724869,,https://www.las-weed.fr/,https://www.google.com/maps/place/L%E2%80%99+As+Weed/data=!4m7!3m6!1s0x47e4e56e1312f125:0x74423763b0674536!8m2!3d47.8999642!4d1.9058215!16s%2Fg%2F11nfn4xy2v!19sChIJJfESE27l5EcRNkVnsGM3QnQ?authuser=0&hl=fr&g_ep=EgoyMDI2MDkxNS4wIJJjKgBIAVAD&rclk=1,,gmb
Orléans,boutique CBD,Flowherb,"3 Rue des Minimes, 45000 Orléans, France",+33668497482,,https://www.flowherb.fr/,https://www.google.com/maps/place/Flowherb/data=!4m7!3m6!1s0x47e4e536af27a9d3:0x21bf00aeb878c1db!8m2!3d47.9020157!4d1.9024427!16s%2Fg%2F11x8r7fkvv!19sChIJ06knrzbl5EcR28F4uK4AvyE?authuser=0&hl=fr&g_ep=EgoyMDI2MDkxNS4wIJJjKgBIAVAD&rclk=1,,gmb
Orléans,boutique CBD,Coffee BouleDogue CBD Orléans,"4 Rue des Pastoureaux, 45000 Orléans, France",+33631244671,coffeebouledogue@gmail.com,https://coffee-bouledogue.com/,https://www.google.com/maps/place/Coffee+BouleDogue+CBD+Orl%C3%A9ans/data=!4m7!3m6!1s0x47e4e5f7a072af1f:0x949a3280486ecf56!8m2!3d47.9002017!4d1.9078169!16s%2Fg%2F11pz8pg30z!19sChIJH69yoPfl5EcRVs9uSIAympQ?authuser=0&hl=fr&g_ep=EgoyMDI2MDkxNS4wIJJjKgBIAVAD&rclk=1,,gmb
Orléans,boutique CBD,Marie-Jeanne d'Arc CBD,"28 Rue de la Poterne, 45000 Orléans, France",+33751839484,,https://mariejeannedarc.com/,https://www.google.com/maps/place/Marie-Jeanne+d%27Arc+CBD/data=!4m7!3m6!1s0x47e4e56395e28f71:0xb0bd2c7528e37b0d!8m2!3d47.8997066!4d1.9092902!16s%2Fg%2F11j1194dmf!19sChIJcY_ilWPl5EcRDXvjKHUsvbA?authuser=0&hl=fr&g_ep=EgoyMDI2MDkxNS4wIJJjKgBIAVAD&rclk=1,,gmb
Argenteuil,boutique CBD,Green Paradise CBD Nanterre,,+33751877638,contact@green-paradise-cbd-nanterre.fr,https://green-paradise-cbd-nanterre.fr/,https://www.google.com/maps/place/Green+Paradise+CBD+Nanterre/data=!4m7!3m6!1s0x47e6651bac591063:0xee2d79283c3d9aa5!8m2!3d48.8400235!4d2.024807!16s%2Fg%2F11s23pf4by!19sChIJYxBZrBtl5kcRpZo9PCh5Le4?authuser=0&hl=fr&g_ep=EgoyMDI2MDkxNS4wIJJjKgBIAVAD&rclk=1,,gmb
Argenteuil,boutique CBD,La Réserve du Fumeur CBD Shop Eaubonne (95),"40 Rue Gabriel Péri, 95600 Eaubonne, France",+33601032897,lareservedufumeur@gmail.com,http://www.lareservedufumeur.com/,https://www.google.com/maps/place/La+R%C3%A9serve+du+Fumeur+CBD+Shop+Eaubonne+%2895%29/data=!4m7!3m6!1s0x47e667889687e303:0x43af247d19d91af1!8m2!3d48.9926556!4d2.2809998!16s%2Fg%2F11pdxwyqvq!19sChIJA-OHlohn5kcR8RrZGX0kr0M?authuser=0&hl=fr&g_ep=EgoyMDI2MDkxNS4wIJJjKgBIAVAD&rclk=1,,gmb
Argenteuil,boutique CBD,Mondial CBD SHOP THCX CBX CBC CBN CPM SNUS Colombes - Nanterre - La Garenne Colombes - Bezons - Courbevoie,"10 Pl. Louis Aragon, 92700 Colombes, France",+33601001601,tabaclemondial@gmail.com,https://mondialcbd.fr/,https://www.google.com/maps/place/Mondial+CBD+SHOP+THCX+CBX+CBC+CBN+CPM+SNUS+Colombes+-+Nanterre+-+La+Garenne+Colombes+-+Bezons+-+Courbevoie/data=!4m7!3m6!1s0x47e6651ba10acc51:0x86149a70717e7775!8m2!3d48.915069!4d2.229305!16s%2Fg%2F11sgq9w03w!19sChIJUcwKoRtl5kcRdXd-cXCaFIY?authuser=0&hl=fr&g_ep=EgoyMDI2MDkxNS4wIJJjKgBIAVAD&rclk=1,,gmb
Argenteuil,boutique CBD,Marcel CBD Shop 95 - Livraison 6J/7,"7 Rue de l'Arrivée, 95880 Enghien-les-Bains, France",+33781537324,,https://www.marcelcbdshop.com/,https://www.google.com/maps/place/Marcel+CBD+Shop+95+-+Livraison+6J%2F7/data=!4m7!3m6!1s0x47e669386fcbd837:0x58f6727ea4a3cd2c!8m2!3d48.9721537!4d2.3074153!16s%2Fg%2F11j9g_692h!19sChIJN9jLbzhp5kcRLM2jpH5y9lg?authuser=0&hl=fr&g_ep=EgoyMDI2MDkxNS4wIJJjKgBIAVAD&rclk=1,,gmb
Argenteuil,boutique CBD,Petit CBD - Boutique CBD & cartes Pokemon TCG - Courbevoie - Bécon-les-Bruyères 92,"2 Rue Edgar Quinet, 92400 Courbevoie, France",+33632034683,contact@lepetitcbd.store,https://petitcbd.fr/,https://www.google.com/maps/place/Petit+CBD+-+Boutique+CBD+%26+cartes+Pokemon+TCG+-+Courbevoie+-+B%C3%A9con-les-Bruy%C3%A8res+92/data=!4m7!3m6!1s0x47e665f9aea53985:0xef5d68a099f57c25!8m2!3d48.9038442!4d2.2680076!16s%2Fg%2F11z0h5js41!19sChIJhTmlrvll5kcRJXz1maBoXe8?authuser=0&hl=fr&g_ep=EgoyMDI2MDkxNS4wIJJjKgBIAVAD&rclk=1,,gmb
Argenteuil,boutique CBD,CBD VAPE Enghien Les Bains - KROMIOS 95,"24 Bd d'Ormesson, 95880 Enghien-les-Bains, France",+33698603324,,http://kromios-cbd.fr/,https://www.google.com/maps/place/CBD+VAPE+Enghien+Les+Bains+-+KROMIOS+95/data=!4m7!3m6!1s0x47e669e5e437a5e5:0x12d4784acdb3f8ec!8m2!3d48.9697244!4d2.3096109!16s%2Fg%2F11kqxr71wg!19sChIJ5aU35OVp5kcR7PizzUp41BI?authuser=0&hl=fr&g_ep=EgoyMDI2MDkxNS4wIJJjKgBIAVAD&rclk=1,,gmb
Argenteuil,boutique CBD,Vapes Room x CBD Garden,"2 Rue du Bournard, 92700 Colombes, France",+33626415224,,https://cbdgarden.fr/,https://www.google.com/maps/place/Vapes+Room+x+CBD+Garden/data=!4m7!3m6!1s0x47e665c3a1513397:0xf1924d027ae2ef42!8m2!3d48.9229577!4d2.2527109!16s%2Fg%2F11zxcn9x6g!19sChIJlzNRocNl5kcRQu_iegJNkvE?authuser=0&hl=fr&g_ep=EgoyMDI2MDkxNS4wIJJjKgBIAVAD&rclk=1,,gmb
Argenteuil,boutique CBD,La Cueillette du CBD,"70 Chau. Jules César, 95130 Le Plessis-Bouchard, France",+33606929934,,http://www.lacueilletteducbd.fr/,https://www.google.com/maps/place/La+Cueillette+du+CBD/data=!4m7!3m6!1s0x47e667288fca706d:0xd266b41ab04c060f!8m2!3d48.9972756!4d2.2350394!16s%2Fg%2F11p04c66w3!19sChIJbXDKjyhn5kcRDwZMsBq0ZtI?authuser=0&hl=fr&g_ep=EgoyMDI2MDkxNS4wIJJjKgBIAVAD&rclk=1,,gmb
Argenteuil,boutique CBD,My Green CBD,"92700 Colombes, France",,contact@mygreencbd.fr,https://mygreencbd.fr/,https://www.google.com/maps/place/My+Green+CBD/data=!4m7!3m6!1s0x47e66599bae48abb:0xb25e00742b92911e!8m2!3d48.9237995!4d2.243092!16s%2Fg%2F11z5_sqjcn!19sChIJu4rkupll5kcRHpGSK3QAXrI?authuser=0&hl=fr&g_ep=EgoyMDI2MDkxNS4wIJJjKgBIAVAD&rclk=1,,gmb
Argenteuil,boutique CBD,La Vape Market Argenteuil,"Galerie marchande Coté Seine, 50 Av. du Marechal Foch, 95100 Argenteuil, France",+33139804895,contact@lavapemarket.com,https://lavapemarket.com/,https://www.google.com/maps/place/La+Vape+Market+Argenteuil/data=!4m7!3m6!1s0x47e667f960bb8c65:0xd6ea2bf80c1d094c!8m2!3d48.9444757!4d2.2533809!16s%2Fg%2F11mcj0hrh2!19sChIJZYy7YPln5kcRTAkdDPgr6tY?authuser=0&hl=fr&g_ep=EgoyMDI2MDkxNS4wIJJjKgBIAVAD&rclk=1,,gmb
Argenteuil,boutique CBD,Green Paradise CBD Clichy,"10 Rue Médéric, 92110 Clichy, France",+33753800613,contact@green-paradise-cbd-clichy.fr,https://green-paradise-cbd-clichy.fr/,https://www.google.com/maps/place/Green+Paradise+CBD+Clichy/data=!4m7!3m6!1s0x47e66fe2b6d0dd23:0xb502076c06239bb1!8m2!3d48.9035255!4d2.3024707!16s%2Fg%2F11z3w2vjqq!19sChIJI93QtuJv5kcRsZsjBmwHArU?authuser=0&hl=fr&g_ep=EgoyMDI2MDkxNS4wIJJjKgBIAVAD&rclk=1,,gmb
Argenteuil,magasin CBD,La Boutique de la Vape & CBD - Ermont,"Centre commercial Carrefour, 1 Av. du Président Georges Pompidou, 95120 Ermont, France",+33134443659,,https://mon-liquide.fr/content/48-boutique-cigarette-electronique-ermont,https://www.google.com/maps/place/La+Boutique+de+la+Vape+%26+CBD+-+Ermont/data=!4m7!3m6!1s0x47e667f420134fe5:0xf8ec5d3ca8e1ec70!8m2!3d48.9884901!4d2.2451216!16s%2Fg%2F11pf8ms8r3!19sChIJ5U8TIPRn5kcRcOzhqDxd7Pg?authuser=0&hl=fr&g_ep=EgoyMDI2MDkxNS4wIJJjKgBIAVAD&rclk=1,,gmb
Argenteuil,magasin CBD,La Reine du CBD,"19B Rue des Carreaux, 95270 Belloy-en-France, France",+33768197833,contact@lareineducbd.com,http://www.lareineducbd.com/,https://www.google.com/maps/place/La+Reine+du+CBD/data=!4m7!3m6!1s0x47e64352700876bf:0xfe8eb319df39b5f0!8m2!3d49.0919329!4d2.3703859!16s%2Fg%2F11zbbx6fpv!19sChIJv3YIcFJD5kcR8LU53xmzjv4?authuser=0&hl=fr&g_ep=EgoyMDI2MDkxNS4wIJJjKgBIAVAD&rclk=1,,gmb
Argenteuil,magasin CBD,Botanikal,"71 Rue du Général de Gaulle, 95880 Enghien-les-Bains, France",+33663403395,,https://botanikal.eu/,https://www.google.com/maps/place/Botanikal/data=!4m7!3m6!1s0x47e66965e54e923f:0xe23170b3cbb79024!8m2!3d48.9694729!4d2.3059751!16s%2Fg%2F11y7d71wsp!19sChIJP5JO5WVp5kcRJJC3y7NwMeI?authuser=0&hl=fr&g_ep=EgoyMDI2MDkxNS4wIJJjKgBIAVAD&rclk=1,,gmb
Argenteuil,magasin CBD,Boralia - CBD Shop Paris 15,"86 Bd de Grenelle, 75015 Paris, France",+33153819893,support@boralia.com,https://boralia.com/,https://www.google.com/maps/place/Boralia+-+CBD+Shop+Paris+15/data=!4m7!3m6!1s0x47e671097ffbf5df:0x8960f5b855b1e958!8m2!3d48.849939!4d2.2943419!16s%2Fg%2F11r7y23z5p!19sChIJ3_X7fwlx5kcRWOmxVbj1YIk?authuser=0&hl=fr&g_ep=EgoyMDI2MDkxNS4wIJJjKgBIAVAD&rclk=1,,gmb
Argenteuil,magasin CBD,CBD Family Shop - Boutique CBD,"47 Rue des Deux Communes, 93100 Montreuil, France",+33621055805,,http://cbdfamilyparis.fr/,https://www.google.com/maps/place/CBD+Family+Shop+-+Boutique+CBD/data=!4m7!3m6!1s0x47e6735c156f1e1b:0x4988fc15f6b6bdd!8m2!3d48.850753!4d2.4292616!16s%2Fg%2F11tr_b0z7z!19sChIJGx5vFVxz5kcR3WtrX8GPmAQ?authuser=0&hl=fr&g_ep=EgoyMDI2MDkxNS4wIJJjKgBIAVAD&rclk=1,,gmb
Argenteuil,magasin CBD,Livraison cbd express - Paris cbd shop,"1 allée des frere lumières, 92390 Villeneuve-la-Garenne, France",+33759822995,contact@pariscbd.fr,http://www.pariscbd.fr/,https://www.google.com/maps/place/Livraison+cbd+express+-+Paris+cbd+shop/data=!4m7!3m6!1s0x47e66fff640605d9:0xc5d50475420f6c47!8m2!3d48.9346395!4d2.3256095!16s%2Fg%2F11rz4n0q8q!19sChIJ2QUGZP9v5kcRR2wPQnUE1cU?authuser=0&hl=fr&g_ep=EgoyMDI2MDkxNS4wIJJjKgBIAVAD&rclk=1,,gmb
Argenteuil,magasin CBD,Zen Garden | CBD à Paris - THV2 - CBDX - CBC - NL1 75009,"33 Rue de Douai, 75009 Paris, France",+33954801408,support@zengarden-cbd-paris.com,https://www.zengarden-cbd-paris.com/,https://www.google.com/maps/place/Zen+Garden+%7C+CBD+%C3%A0+Paris+-+THV2+-+CBDX+-+CBC+-+NL1+75009/data=!4m7!3m6!1s0x47e66f1ebbc98045:0x39f98fb0a272fcd3!8m2!3d48.8825458!4d2.3323652!16s%2Fg%2F11mq6q4h8_!19sChIJRYDJux5v5kcR0_xyorCP-Tk?authuser=0&hl=fr&g_ep=EgoyMDI2MDkxNS4wIJJjKgBIAVAD&rclk=1,,gmb
Argenteuil,magasin CBD,Endweed Shop CBD,"129 Rue de Sèvres, 75006 Paris, France",+33783632053,,http://www.endweed.fr/,https://www.google.com/maps/place/Endweed+Shop+CBD/data=!4m7!3m6!1s0x47e671295873817d:0x8f17b5e24b72c999!8m2!3d48.8473954!4d2.3185636!16s%2Fg%2F11rz42pkxw!19sChIJfYFzWClx5kcRmclyS-K1F48?authuser=0&hl=fr&g_ep=EgoyMDI2MDkxNS4wIJJjKgBIAVAD&rclk=1,,gmb
Argenteuil,magasin CBD,Nuance Verte Spécialiste CBD,"90 Bd Raspail, 75006 Paris, France",+33981516818,contact@nuanceverte.com,http://www.nuanceverte.fr/,https://www.google.com/maps/place/Nuance+Verte+Sp%C3%A9cialiste+CBD/data=!4m7!3m6!1s0x47e671bbbef17f7f:0x26e2d83eedf9b327!8m2!3d48.8467674!4d2.3279219!16s%2Fg%2F11k9mj1v6h!19sChIJf3_xvrtx5kcRJ7P57T7Y4iY?authuser=0&hl=fr&g_ep=EgoyMDI2MDkxNS4wIJJjKgBIAVAD&rclk=1,,gmb
Argenteuil,magasin CBD,Legaly CBD Shop,"25 ter Rue Georges Picot, 95340 Persan, France",+33658463806,,http://www.legaly-cbd.com/,https://www.google.com/maps/place/Legaly+CBD+Shop/data=!4m7!3m6!1s0x49e7d0260098fbd1:0xee78a485655b120a!8m2!3d49.1497495!4d2.275359!16s%2Fg%2F11rgh37w74!19sChIJ0fuYACbQ50kRChJbZYWkeO4?authuser=0&hl=fr&g_ep=EgoyMDI2MDkxNS4wIJJjKgBIAVAD&rclk=1,,gmb
Argenteuil,magasin CBD,CBD SHOP 95 / SKUD FARM,"15 Av. du Général de Gaulle, 95230 Soisy-sous-Montmorency, France",+33699553186,,https://cbdshop95.fr/,https://www.google.com/maps/place/CBD+SHOP+95+%2F+SKUD+FARM/data=!4m7!3m6!1s0x47e6696998052805:0xf13731736a4acef3!8m2!3d48.9859923!4d2.300324!16s%2Fg%2F11w_h62f36!19sChIJBSgFmGlp5kcR885KanMxN_E?authuser=0&hl=fr&g_ep=EgoyMDI2MDkxNS4wIJJjKgBIAVAD&rclk=1,,gmb
Argenteuil,magasin CBD,High Society Montparnasse - CBD Paris 14,"44 Rue du Montparnasse, 75014 Paris, France",+33142180033,,https://highsocietymontpar.wixsite.com/monsite,https://www.google.com/maps/place/High+Society+Montparnasse+-+CBD+Paris+14/data=!4m7!3m6!1s0x47e6711f140f28b7:0xbf2e5fe37baf4c4b!8m2!3d48.8427347!4d2.3259012!16s%2Fg%2F11ppp21ys6!19sChIJtygPFB9x5kcRS0yve-NfLr8?authuser=0&hl=fr&g_ep=EgoyMDI2MDkxNS4wIJJjKgBIAVAD&rclk=1,,gmb
Argenteuil,magasin CBD,CBD HIGH - PARIS 9ème,"10 bis Rue de Châteaudun, 75009 Paris, France",+33658713341,contact@cbdhigh.fr,https://www.cbdhigh.eu/,"https://www.google.com/maps/place/CBD+HIGH+-+PARIS+9%C3%A8me/@48.8759509,2.3407542,16z/data=!3m1!4b1!4m6!3m5!1s0x47e66f19eab37689:0x965b436c7357c7c3!8m2!3d48.8759509!4d2.3407542!16s%2Fg%2F11rhhxkj0y?authuser=0&hl=fr&entry=ttu&g_ep=EgoyMDI2MDkxNS4wIKXMDSoASAFQAw%3D%3D",,gmb
Argenteuil,magasin CBD,TRISTAN CBD CBN+ SHOP,"13 Rue Vandamme, 75014 Paris, France",+33973605388,,https://tristancbd.com/,"https://www.google.com/maps/place/TRISTAN+CBD+CBN%2B+SHOP/@48.8394387,2.3226168,17z/data=!3m1!4b1!4m6!3m5!1s0x47e6710667afdaff:0xc80dd172a786dc58!8m2!3d48.8394387!4d2.3226168!16s%2Fg%2F11p55rr6nz?authuser=0&hl=fr&entry=ttu&g_ep=EgoyMDI2MDkxNS4wIKXMDSoASAFQAw%3D%3D",,gmb
Argenteuil,magasin CBD,Gardenz Alexandrie – CBD Shop Paris 02,"2 Rue d'Alexandrie, 75002 Paris, France",+33970661964,contact@gardenz.fr,https://www.gardenz.fr/,"https://www.google.com/maps/place/Gardenz+Alexandrie+%E2%80%93+CBD+Shop+Paris+02/@48.8679736,2.3515459,17z/data=!3m1!4b1!4m6!3m5!1s0x47e66f788f4ebb65:0xd8f153b30d40362a!8m2!3d48.8679736!4d2.3515459!16s%2Fg%2F11tk9z95r3?authuser=0&hl=fr&entry=ttu&g_ep=EgoyMDI2MDkxNS4wIKXMDSoASAFQAw%3D%3D",,gmb
Argenteuil,magasin CBD,Legalize |The Big Bang Shop CBD,"42 Rue Sedaine, 75011 Paris, France",+33769717030,,http://legalize.shop/,"https://www.google.com/maps/place/Legalize+%7CThe+Big+Bang+Shop+CBD/@48.8570856,2.3751133,17z/data=!3m1!4b1!4m6!3m5!1s0x47e66df4d41212d3:0x32806c2184f068e2!8m2!3d48.8570856!4d2.3751133!16s%2Fg%2F11fd4yyp6w?authuser=0&hl=fr&entry=ttu&g_ep=EgoyMDI2MDkxNS4wIKXMDSoASAFQAw%3D%3D",,gmb
Argenteuil,magasin CBD,CBD Paris - Falma CBD Shop,"36 Bis Rue du Faubourg du Temple, 75011 Paris, France",+33142238161,falmacbd@gmail.com,https://falmacbd.fr/,"https://www.google.com/maps/place/CBD+Paris+-+Falma+CBD+Shop/@48.8690373,2.3684808,17z/data=!3m1!4b1!4m6!3m5!1s0x47e66d3ced489375:0x86a2f55d9eb4e272!8m2!3d48.8690373!4d2.3684808!16s%2Fg%2F11p5qjt1z0?authuser=0&hl=fr&entry=ttu&g_ep=EgoyMDI2MDkxNS4wIKXMDSoASAFQAw%3D%3D",,gmb
Argenteuil,magasin CBD,My Little Shop CBD - Magasin de CBD à Paris 15ème,"87 Rue de Lourmel, 75015 Paris, France",+33622691546,littleshopcbd@gmail.com,https://cbdshopparis.fr/cbd-shop-paris-15/,"https://www.google.com/maps/place/My+Little+Shop+CBD+-+Magasin+de+CBD+%C3%A0+Paris+15%C3%A8me/@48.8444087,2.2871226,17z/data=!3m1!4b1!4m6!3m5!1s0x47e671c123c555ff:0x24ed323d869e8906!8m2!3d48.8444087!4d2.2871226!16s%2Fg%2F11rr_3scyh?authuser=0&hl=fr&entry=ttu&g_ep=EgoyMDI2MDkxNS4wIKXMDSoASAFQAw%3D%3D",,gmb
Argenteuil,magasin CBD,"La Belle Verte : Shop CBD Vente de Fleurs, Résines, Huiles, Gélules et E-liquides CBD et La Sobrerie, Cave sans alcool.","12 Rue Raoul Berton, 93170 Bagnolet, France",+33951970874,demo@posthemes.com,http://labellevertecbd.fr/,"https://www.google.com/maps/place/La+Belle+Verte+:+Shop+CBD+Vente+de+Fleurs,+R%C3%A9sines,+Huiles,+G%C3%A9lules+et+E-liquides+CBD+et+La+Sobrerie,+Cave+sans+alcool./@48.8680812,2.4185953,17z/data=!3m1!4b1!4m6!3m5!1s0x47e66d207f7be2af:0xdb42c7004bb9da0!8m2!3d48.8680812!4d2.4185953!16s%2Fg%2F11smlwblfv?authuser=0&hl=fr&entry=ttu&g_ep=EgoyMDI2MDkxNS4wIKXMDSoASAFQAw%3D%3D",,gmb
Argenteuil,magasin CBD,Weedy.fr - Vente de CBD pas cher,"10 Rue de la Paix, 75002 Paris, France",+33187651030,,https://weedy.fr/,"https://www.google.com/maps/place/Weedy.fr+-+Vente+de+CBD+pas+cher/@48.8689443,2.3312533,17z/data=!3m1!4b1!4m6!3m5!1s0x47e66f8c51959811:0x298d907ae0917f69!8m2!3d48.8689443!4d2.3312533!16s%2Fg%2F11fb0jp3dq?authuser=0&hl=fr&entry=ttu&g_ep=EgoyMDI2MDkxNS4wIKXMDSoASAFQAw%3D%3D",,gmb
Argenteuil,magasin CBD,CBD Paris 16 - CBD Shop de Qualité | Lord Of CBD,"10 Pl. Léon Deubel, 75016 Paris, France",+33140500917,contact@lordofcbd.fr,https://lordofcbd.fr/,"https://www.google.com/maps/place/CBD+Paris+16+-+CBD+Shop+de+Qualit%C3%A9+%7C+Lord+Of+CBD/@48.8380481,2.2595599,17z/data=!3m1!4b1!4m6!3m5!1s0x47e67b42206d1ffd:0xf4f06c643f4ec1c1!8m2!3d48.8380481!4d2.2595599!16s%2Fg%2F11jz9z2cr0?authuser=0&hl=fr&entry=ttu&g_ep=EgoyMDI2MDkxNS4wIKXMDSoASAFQAw%3D%3D",,gmb
Argenteuil,magasin CBD,CBD Paris 19 - Natureverte,"95 Rue de Belleville, 75019 Paris, France",+33954212400,,https://natureverte.com/,"https://www.google.com/maps/place/CBD+Paris+19+-+Natureverte/@48.8741038,2.3855194,17z/data=!3m1!4b1!4m6!3m5!1s0x47e66d0dc2e3a8e7:0xaebcc270f80813d4!8m2!3d48.8741038!4d2.3855194!16s%2Fg%2F11h94vsl8x?authuser=0&hl=fr&entry=ttu&g_ep=EgoyMDI2MDkxNS4wIKXMDSoASAFQAw%3D%3D",,gmb
Argenteuil,magasin CBD,CBD Paris 13 - La Rocade Livraison,"42 Rue Daviel Hall 33, 75013 Paris, France",,,https://shorturl.at/prdIW,"https://www.google.com/maps/place/CBD+Paris+13+-+La+Rocade+Livraison/@48.8284059,2.343471,17z/data=!3m1!4b1!4m6!3m5!1s0x47e671a6f6572e6d:0x35cbe8eeffa589ea!8m2!3d48.8284059!4d2.343471!16s%2Fg%2F11rn0spjb4?authuser=0&hl=fr&entry=ttu&g_ep=EgoyMDI2MDkxNS4wIKXMDSoASAFQAw%3D%3D",,gmb
Argenteuil,magasin CBD,SO CBD - Fleurs & Produits | Paris 18,"21 Rue Simart, 75018 Paris, France",+33984056691,contact@socbd.fr,https://www.socbd.fr/,"https://www.google.com/maps/place/SO+CBD+-+Fleurs+%26+Produits+%7C+Paris+18/@48.890863,2.347685,17z/data=!3m1!4b1!4m6!3m5!1s0x47e66ff822370293:0xabb4fa7427bb1a23!8m2!3d48.890863!4d2.347685!16s%2Fg%2F11qq4qnl8d?authuser=0&hl=fr&entry=ttu&g_ep=EgoyMDI2MDkxNS4wIKXMDSoASAFQAw%3D%3D",,gmb
Argenteuil,magasin CBD,Harmonystore | Produits de CBD et cannabis en France,"43 Rue Popincourt, 75011 Paris, France",+33672752170,,https://harmonystore.fr/,"https://www.google.com/maps/place/Harmonystore+%7C+Produits+de+CBD+et+cannabis+en+France/@48.8591917,2.3758316,17z/data=!3m1!4b1!4m6!3m5!1s0x47e665c6b9e325d9:0x9410df5ba5e35bff!8m2!3d48.8591917!4d2.3758316!16s%2Fg%2F11pwvkb3nq?authuser=0&hl=fr&entry=ttu&g_ep=EgoyMDI2MDkxNS4wIKXMDSoASAFQAw%3D%3D",,gmb
Argenteuil,magasin CBD,Distributeur CBD Chelles en seine et marne,"Station de Lavage, 28 Rue de l'Ormeteau, 77500 Chelles, France",+33768954309,lechavrier@gmail.com,http://lechavrier.fr/,"https://www.google.com/maps/place/Distributeur+CBD+Chelles+en+seine+et+marne/@48.8898013,2.5969119,17z/data=!3m1!4b1!4m6!3m5!1s0x47e61106fdf4e917:0xcbe77ee2ba3f1577!8m2!3d48.8898013!4d2.5969119!16s%2Fg%2F11tdgm1dx5?authuser=0&hl=fr&entry=ttu&g_ep=EgoyMDI2MDkxNS4wIKXMDSoASAFQAw%3D%3D",,gmb
Argenteuil,magasin CBD,CBD Paris 17 - L'Artisan du CBD,"42 Rue des Dames, 75017 Paris, France",+33980815098,,http://www.artisanducbd.com/,"https://www.google.com/maps/place/CBD+Paris+17+-+L'Artisan+du+CBD/@48.8842611,2.3230351,17z/data=!3m1!4b1!4m6!3m5!1s0x47e66f64cb58b925:0x396fb886066aa1ed!8m2!3d48.8842611!4d2.3230351!16s%2Fg%2F11nyl5jc1r?authuser=0&hl=fr&entry=ttu&g_ep=EgoyMDI2MDkxNS4wIKXMDSoASAFQAw%3D%3D",,gmb
Argenteuil,magasin CBD,Great and Green - Magasin CBD Montreuil,"64 Rue du Capitaine Dreyfus, 93100 Montreuil, France",+33148303197,contact@greatandgreen.fr,https://greatandgreen.fr/,"https://www.google.com/maps/place/Great+and+Green+-+Magasin+CBD+Montreuil/@48.8594855,2.4404073,16z/data=!3m1!4b1!4m6!3m5!1s0x47e66d599f493e21:0xfcbd88d62a181e13!8m2!3d48.8594855!4d2.4404073!16s%2Fg%2F11h93qkzlv?authuser=0&hl=fr&entry=ttu&g_ep=EgoyMDI2MDkxNS4wIKXMDSoASAFQAw%3D%3D",,gmb
Argenteuil,magasin CBD,1001 Herbes : CBD & CANDY SHOP PARIS,"3 Av. Villemain, 75014 Paris, France",+33987191783,,http://www.herbalisting.com/,"https://www.google.com/maps/place/1001+Herbes+:+CBD+%26+CANDY+SHOP+PARIS/@48.8324839,2.3160708,17z/data=!3m1!4b1!4m6!3m5!1s0x47e671635d3e8151:0xe017b8a334ba70eb!8m2!3d48.8324839!4d2.3160708!16s%2Fg%2F11qscgq1dh?authuser=0&hl=fr&entry=ttu&g_ep=EgoyMDI2MDkxNS4wIKXMDSoASAFQAw%3D%3D",,gmb
Rouen,boutique CBD,Best CBD Rouen ( Cathédrale),"53 Rue du Général Leclerc, 76000 Rouen, France",+33621421587,,https://bestcbdshop.fr/,https://www.google.com/maps/place/Best+CBD+Rouen+%28+Cath%C3%A9drale%29/data=!4m7!3m6!1s0x47e0df994b3699f1:0xbb55b02233c8f760!8m2!3d49.4392882!4d1.0945028!16s%2Fg%2F11zkxklvpx!19sChIJ8Zk2S5nf4EcRYPfIMyKwVbs?authuser=0&hl=fr&g_ep=EgoyMDI2MDkxNS4wIJJjKgBIAVAD&rclk=1,,gmb
Rouen,boutique CBD,Bon Plan CBD Rouen,"7 Rue Saint-Gervais, 76000 Rouen, France",+33652980431,,https://www.bonplancbd.com/,https://www.google.com/maps/place/Bon+Plan+CBD+Rouen/data=!4m7!3m6!1s0x47e0ddb9bc2e121d:0x766510a3fb7b3e36!8m2!3d49.4463817!4d1.0857096!16s%2Fg%2F11x5p1l7qn!19sChIJHRIuvLnd4EcRNj57-6MQZXY?authuser=0&hl=fr&g_ep=EgoyMDI2MDkxNS4wIJJjKgBIAVAD&rclk=1,,gmb
Rouen,boutique CBD,CBD Rouen - Amsterdam Quality,"141 Rue Saint-Hilaire, 76000 Rouen, France",+33232205676,,https://amsterdam-quality.fr/,https://www.google.com/maps/place/CBD+Rouen+-+Amsterdam+Quality/data=!4m7!3m6!1s0x47e0ddbc8f18e045:0x766788c66276ee46!8m2!3d49.442258!4d1.1068811!16s%2Fg%2F11tx0426hj!19sChIJReAYj7zd4EcRRu52YsaIZ3Y?authuser=0&hl=fr&g_ep=EgoyMDI2MDkxNS4wIJJjKgBIAVAD&rclk=1,,gmb
Rouen,boutique CBD,MAISON APASH,"62 Rue du Général Leclerc, 76000 Rouen, France",+33235632980,contact@maison-apash.fr,https://maison-apash.fr/,https://www.google.com/maps/place/MAISON+APASH/data=!4m7!3m6!1s0x47e0df36cbae8d5f:0x66313b9e14cba407!8m2!3d49.4396333!4d1.0931821!16s%2Fg%2F11rbt_59p7!19sChIJX42uyzbf4EcRB6TLFJ47MWY?authuser=0&hl=fr&g_ep=EgoyMDI2MDkxNS4wIJJjKgBIAVAD&rclk=1,,gmb
Rouen,boutique CBD,Golden Vibe CBD,"37 Quai de Paris, 76000 Rouen, France",+33661270507,,https://www.goldenvibeofficiel.com/,https://www.google.com/maps/place/Golden+Vibe+CBD/data=!4m7!3m6!1s0x47e0e10fa4b6023d:0x73f233bb15eb3277!8m2!3d49.4371769!4d1.0974594!16s%2Fg%2F11w58tp4q_!19sChIJPQK2pA_h4EcRdzLrFbsz8nM?authuser=0&hl=fr&g_ep=EgoyMDI2MDkxNS4wIJJjKgBIAVAD&rclk=1,,gmb
Rouen,boutique CBD,Green Power Shop CBD ROUEN,"25 Rue du Général Leclerc, 76000 Rouen, France",+33751120276,,https://greenpowershop.fr/,https://www.google.com/maps/place/Green+Power+Shop+CBD+ROUEN/data=!4m7!3m6!1s0x47e0de78de73fe27:0x1d145fe96f9aa013!8m2!3d49.4391296!4d1.0960479!16s%2Fg%2F11gtdg4f1f!19sChIJJ_5z3nje4EcRE6Cab-lfFB0?authuser=0&hl=fr&g_ep=EgoyMDI2MDkxNS4wIJJjKgBIAVAD&rclk=1,,gmb
Mulhouse,boutique CBD,CBDAV STORE / CBD MULHOUSE,"9 Rue du Mittelbach, 68100 Mulhouse, France",+33982619577,,https://www.cbdav-store.fr/,https://www.google.com/maps/place/CBDAV+STORE+%2F+CBD+MULHOUSE/data=!4m7!3m6!1s0x47919be4d82c2db9:0x45f5bf78cad4346b!8m2!3d47.7456208!4d7.3359884!16s%2Fg%2F11rfvl4yfj!19sChIJuS0s2OSbkUcRazTUyni_9UU?authuser=0&hl=fr&g_ep=EgoyMDI2MDkxNS4wIJJjKgBIAVAD&rclk=1,,gmb
Mulhouse,boutique CBD,La Centrale CBD House,"4 Rue Bonbonnière, 68100 Mulhouse, France",+33621769998,,https://lacentrale-cbdhouse.com/,https://www.google.com/maps/place/La+Centrale+CBD+House/data=!4m7!3m6!1s0x47919be1ba6030f7:0x213aca3f4deac801!8m2!3d47.7473963!4d7.3352435!16s%2Fg%2F11p11qqwjb!19sChIJ9zBguuGbkUcRAcjqTT_KOiE?authuser=0&hl=fr&g_ep=EgoyMDI2MDkxNS4wIJJjKgBIAVAD&rclk=1,,gmb
Mulhouse,boutique CBD,Nature Lab - CBD Shop & Vape - Mulhouse,"28 Rue du Sauvage, 68100 Mulhouse, France",+33651992637,contact@naturelab-cbd.com,https://www.naturelab-cbd.com/,https://www.google.com/maps/place/Nature+Lab+-+CBD+Shop+%26+Vape+-+Mulhouse/data=!4m7!3m6!1s0x47919bea691007b3:0xfc574e6c1473511f!8m2!3d47.7474835!4d7.3403027!16s%2Fg%2F11nvmrt78v!19sChIJswcQaeqbkUcRH1FzFGxOV_w?authuser=0&hl=fr&g_ep=EgoyMDI2MDkxNS4wIJJjKgBIAVAD&rclk=1,,gmb
Mulhouse,boutique CBD,A-J Herbes CBD Mulhouse,"32 Bd de l'Europe, 68100 Mulhouse, France",+33389617387,ajherbesmulhouse@yahoo.com,http://www.ajherbes.com/,https://www.google.com/maps/place/A-J+Herbes+CBD+Mulhouse/data=!4m7!3m6!1s0x47919b126b1389d5:0x6efb75da20dcda45!8m2!3d47.7519026!4d7.3450621!16s%2Fg%2F11mql6yqbq!19sChIJ1YkTaxKbkUcRRdrcINp1-24?authuser=0&hl=fr&g_ep=EgoyMDI2MDkxNS4wIJJjKgBIAVAD&rclk=1,,gmb
Mulhouse,boutique CBD,KANEEP CBD SHOP,"12 B Rue du Sauvage, 68100 Mulhouse, France",,contact@kaneep.fr,https://kaneep.fr/,https://www.google.com/maps/place/KANEEP+CBD+SHOP/data=!4m7!3m6!1s0x47919bdeabd756db:0xbd32b609c209effe!8m2!3d47.746551!4d7.3412585!16s%2Fg%2F11s1ty_4mg!19sChIJ21bXq96bkUcR_u8Jwgm2Mr0?authuser=0&hl=fr&g_ep=EgoyMDI2MDkxNS4wIJJjKgBIAVAD&rclk=1,,gmb
Mulhouse,boutique CBD,Au terroir du cbd,"13 Rue des Bons Enfants, 68100 Mulhouse, France",+33986303351,contact@auterroirducbd.fr,https://www.auterroirducbd.fr/,https://www.google.com/maps/place/Au+terroir+du+cbd/data=!4m7!3m6!1s0x47919b208113989b:0xc7652f377f20139e!8m2!3d47.7477814!4d7.3367336!16s%2Fg%2F11vlz6nv1j!19sChIJm5gTgSCbkUcRnhMgfzcvZcc?authuser=0&hl=fr&g_ep=EgoyMDI2MDkxNS4wIJJjKgBIAVAD&rclk=1,,gmb
Mulhouse,boutique CBD,cbd-s-space,"25 Rue des Serruriers, 68200 Mulhouse, France",+33659774022,info@cbd-s-space.fr,http://www.cbd-s-space.fr/,https://www.google.com/maps/place/cbd-s-space/data=!4m7!3m6!1s0x47919b92b9000141:0x5fde00badd70bfa3!8m2!3d47.7535026!4d7.3177483!16s%2Fg%2F11nw0zz619!19sChIJQQEAuZKbkUcRo79w3boA3l8?authuser=0&hl=fr&g_ep=EgoyMDI2MDkxNS4wIJJjKgBIAVAD&rclk=1,,gmb
Caen,boutique CBD,CALI WEED 14000 – CBD CAEN,"103 Rue Saint-Jean, 14000 Caen, France",+33648474579,contact@greencanopyshop.fr,http://greencanopy-shop.com/,https://www.google.com/maps/place/CALI+WEED+14000+%E2%80%93+CBD+CAEN/data=!4m7!3m6!1s0x480a43d8a5eb16e9:0xf72228c63c70c0a8!8m2!3d49.180825!4d-0.357922!16s%2Fg%2F11zh2qgs28!19sChIJ6RbrpdhDCkgRqMBwPMYoIvc?authuser=0&hl=fr&g_ep=EgoyMDI2MDkxNS4wIJJjKgBIAVAD&rclk=1,,gmb
Caen,boutique CBD,CBD Bio SHOP Caen,"20 Pl. de l'Ancienne Boucherie, 14000 Caen, France",+33603917921,,https://www.cbdbioshop.fr/,https://www.google.com/maps/place/CBD+Bio+SHOP+Caen/data=!4m7!3m6!1s0x480a43584eb3d10f:0xeeb1d9f037afe7ed!8m2!3d49.1825777!4d-0.3746734!16s%2Fg%2F11ll5kjl9r!19sChIJD9GzTlhDCkgR7eevN_DZse4?authuser=0&hl=fr&g_ep=EgoyMDI2MDkxNS4wIJJjKgBIAVAD&rclk=1,,gmb
Caen,boutique CBD,Relax Time CBD Caen,"32 Rue du Moulin, 14000 Caen, France",+33231851800,relaxtimecbd@gmail.com,https://relaxtime-cbd.com/,https://www.google.com/maps/place/Relax+Time+CBD+Caen/data=!4m7!3m6!1s0x480a439a8b5196d3:0xe22a7befbff9877c!8m2!3d49.1823582!4d-0.3632623!16s%2Fg%2F11px92hm5h!19sChIJ05ZRi5pDCkgRfIf5v-97KuI?authuser=0&hl=fr&g_ep=EgoyMDI2MDkxNS4wIJJjKgBIAVAD&rclk=1,,gmb
Caen,boutique CBD,VERTSACHET CBD COFFEESHOP CAEN,"2 Pl. Jean Letellier, 14000 Caen, France",+33749190943,hello@vertsachet.fr,https://www.vertsachet.com/,https://www.google.com/maps/place/VERTSACHET+CBD+COFFEESHOP+CAEN/data=!4m7!3m6!1s0x480a43c5d5463e1d:0x1698057cb319249d!8m2!3d49.184117!4d-0.363026!16s%2Fg%2F11wh6j6l8g!19sChIJHT5G1cVDCkgRnSQZs3wFmBY?authuser=0&hl=fr&g_ep=EgoyMDI2MDkxNS4wIJJjKgBIAVAD&rclk=1,,gmb
Caen,boutique CBD,Caen CBD,"32 Rue Saint-Pierre, 14000 Caen, France",+33231239347,,https://www.caencbd.fr/,https://www.google.com/maps/place/Caen+CBD/data=!4m7!3m6!1s0x480a43cef7d34325:0x6532d1fb069678fc!8m2!3d49.1837373!4d-0.3627522!16s%2Fg%2F11vxvpzj9h!19sChIJJUPT985DCkgR_HiWBvvRMmU?authuser=0&hl=fr&g_ep=EgoyMDI2MDkxNS4wIJJjKgBIAVAD&rclk=1,,gmb
Tourcoing,boutique CBD,Korner CBD Tourcoing,"227 Rue du Brun Pain, 59200 Tourcoing, France",+33786293563,legalgreencbdpro@gmail.com,https://legalgreencbd.fr/,https://www.google.com/maps/place/Korner+CBD+Tourcoing/data=!4m7!3m6!1s0x47c32f34cf18840b:0xff8b0669b90d946d!8m2!3d50.7277397!4d3.1373614!16s%2Fg%2F11p_26zgw6!19sChIJC4QYzzQvw0cRbZQNuWkGi_8?authuser=0&hl=fr&g_ep=EgoyMDI2MDkxNi4wIJJjKgBIAVAD&rclk=1,,gmb
Tourcoing,boutique CBD,Y-CBD Shop,"76 bis Rue Franklin Roosevelt, 59420 Mouvaux, France",+33782713879,contact@y-cbd.fr,http://www.y-cbd.fr/,https://www.google.com/maps/place/Y-CBD+Shop/data=!4m7!3m6!1s0x47c3298c0c45b567:0xfc04daded31049dd!8m2!3d50.6997696!4d3.137698!16s%2Fg%2F11pb9rkdg7!19sChIJZ7VFDIwpw0cR3UkQ097aBPw?authuser=0&hl=fr&g_ep=EgoyMDI2MDkxNi4wIJJjKgBIAVAD&rclk=1,,gmb
Tourcoing,boutique CBD,Around the vape & CBD Tourcoing,"56 Rue Nationale, 59200 Tourcoing, France",+33973505632,,http://www.around-the-vape.com/,https://www.google.com/maps/place/Around+the+vape+%26+CBD+Tourcoing/data=!4m7!3m6!1s0x47c32f2a0aec0001:0x62262ec2bd03dedd!8m2!3d50.724353!4d3.156344!16s%2Fg%2F11c57ykt3d!19sChIJAQDsCiovw0cR3d4DvcIuJmI?authuser=0&hl=fr&g_ep=EgoyMDI2MDkxNi4wIJJjKgBIAVAD&rclk=1,,gmb
Tourcoing,boutique CBD,CALI SHOP CBD PREMIUM QUALITY WATTRELOS,"10 Rue du Tilleul, 59150 Wattrelos, France",+33753152879,,https://calishopcbd.fr/,https://www.google.com/maps/place/CALI+SHOP+CBD+PREMIUM+QUALITY+WATTRELOS/data=!4m7!3m6!1s0x47c329d2fa7e1f59:0x99efe56a3d9e26e6!8m2!3d50.7153208!4d3.1794766!16s%2Fg%2F11vx3dgnd8!19sChIJWR9--tIpw0cR5iaePWrl75k?authuser=0&hl=fr&g_ep=EgoyMDI2MDkxNi4wIJJjKgBIAVAD&rclk=1,,gmb
Tourcoing,boutique CBD,Hermosa CBD Bondues,"995 Av. du Général de Gaulle, 59910 Bondues, France",,contact@hermosa-cbd.com,http://hermosa-cbd.com/,https://www.google.com/maps/place/Hermosa+CBD+Bondues/data=!4m7!3m6!1s0x47c32bef51b51a6d:0x7534aef6fcaedff4!8m2!3d50.7036176!4d3.0980596!16s%2Fg%2F11kb8ctb8g!19sChIJbRq1Ue8rw0cR9N-u_PauNHU?authuser=0&hl=fr&g_ep=EgoyMDI2MDkxNi4wIJJjKgBIAVAD&rclk=1,,gmb
Tourcoing,boutique CBD,Vapostore Tourcoing Cigarettes Electroniques et e-liquides,"Espace St Christophe, 2 Rue Alfred Mongy, 59200 Tourcoing, France",+33320396327,,https://www.vapostore.com/boutiques/11-magasin-cigarette-electronique-hauts-de-france/tourcoing-59-129?utm_source=google&utm_medium=organic&utm_campaign=mybusiness-website,https://www.google.com/maps/place/Vapostore+Tourcoing+Cigarettes+Electroniques+et+e-liquides/data=!4m7!3m6!1s0x47c32f30537fcd9d:0xe8cddcec74600847!8m2!3d50.7210194!4d3.1602231!16s%2Fg%2F11q1lb18l3!19sChIJnc1_UzAvw0cRRwhgdOzczeg?authuser=0&hl=fr&g_ep=EgoyMDI2MDkxNi4wIJJjKgBIAVAD&rclk=1,,gmb
Tourcoing,boutique CBD,Street cbd,,,,http://www.streetcbd.fr/,https://www.google.com/maps/place/Street+cbd/data=!4m7!3m6!1s0x47c32ff9e06870f9:0x88bb52d9bd0b4188!8m2!3d30.6959409!4d-49.8171262!16s%2Fg%2F11qqr7ygxr!19sChIJ-XBo4Pkvw0cRiEELvdlSu4g?authuser=0&hl=fr&g_ep=EgoyMDI2MDkxNi4wIJJjKgBIAVAD&rclk=1,,gmb
Tourcoing,boutique CBD,CBD Tourcoing,"42 Rue Charles Gounod, 59100 Roubaix, France",+33745894049,,https://www.chanvrery.fr/,https://www.google.com/maps/place/CBD+Tourcoing/data=!4m7!3m6!1s0x47c328e014c52381:0x8d60276d10982078!8m2!3d50.698163!4d3.1564589!16s%2Fg%2F12hnx8tb9!19sChIJgSPFFOAow0cReCCYEG0nYI0?authuser=0&hl=fr&g_ep=EgoyMDI2MDkxNi4wIJJjKgBIAVAD&rclk=1,,gmb
Roubaix,boutique CBD,ADN Premium Quality CBD Shop Roubaix,"64 Rue Jules Guesde, 59390 Lys-lez-Lannoy, France",+33376055019,,https://www.adnpremiumqualitycbd.fr/,https://www.google.com/maps/place/ADN+Premium+Quality+CBD+Shop+Roubaix/data=!4m7!3m6!1s0x47c3272a0b8f9995:0xd04cf45d84b58fc1!8m2!3d50.671937!4d3.2059606!16s%2Fg%2F11stbf_336!19sChIJlZmPCyonw0cRwY-1hF30TNA?authuser=0&hl=fr&g_ep=EgoyMDI2MDkxNi4wIJJjKgBIAVAD&rclk=1,,gmb
Roubaix,magasin CBD,La factory du CBD,"3 Rue Racine, 59510 Hem, France",+33641362981,,http://www.lafactoryducbd.fr/,https://www.google.com/maps/place/La+factory+du+CBD/data=!4m7!3m6!1s0x47c329b318b58163:0xcf5a742ca63124e3!8m2!3d50.6699396!4d3.1759972!16s%2Fg%2F11kr_j6vdm!19sChIJY4G1GLMpw0cR4yQxpix0Ws8?authuser=0&hl=fr&g_ep=EgoyMDI2MDkxNi4wIJJjKgBIAVAD&rclk=1,,gmb
Nanterre,boutique CBD,Deli Hemp CBD,"5 Rue Raymond Barbet, 92000 Nanterre, France",+33176217925,contact@delihemp.com,https://delihemp.com/,https://www.google.com/maps/place/Deli+Hemp+CBD/data=!4m7!3m6!1s0x47e665bc65f5f2d1:0xb8d453c5d2950979!8m2!3d48.8918206!4d2.200214!16s%2Fg%2F11yyg5dk0s!19sChIJ0fL1Zbxl5kcReQmV0sVT1Lg?authuser=0&hl=fr&g_ep=EgoyMDI2MDkxNi4wIJJjKgBIAVAD&rclk=1,,gmb
Nanterre,boutique CBD,ROYAL H CBD | Livraison CBD Express 1H,"65 Rue de la Croix, 92000 Nanterre, France",+33758523542,royalhcbd.contact@gmail.com,https://royalhcbd.fr/,https://www.google.com/maps/place/ROYAL+H+CBD+%7C+Livraison+CBD+Express+1H/data=!4m7!3m6!1s0x47e66544e874867f:0xa5791afa0347db1d!8m2!3d48.8850972!4d2.1924625!16s%2Fg%2F11qpt80mk3!19sChIJf4Z06ERl5kcRHdtHA_oaeaU?authuser=0&hl=fr&g_ep=EgoyMDI2MDkxNi4wIJJjKgBIAVAD&rclk=1,,gmb
Nanterre,boutique CBD,CBD CARTEL FRANCE,,+33609882928,,http://www.cartelfrance.com/,https://www.google.com/maps/place/CBD+CARTEL+FRANCE/data=!4m7!3m6!1s0xac089d3e566fe267:0xdfc22699894d4380!8m2!3d35.5916909!4d-37.6900988!16s%2Fg%2F11s64jjyqh!19sChIJZ-JvVj6dCKwRgENNiZkmwt8?authuser=0&hl=fr&g_ep=EgoyMDI2MDkxNi4wIJJjKgBIAVAD&rclk=1,,gmb
Vitry-sur-Seine,boutique CBD,O'Lab CBD Shop I boutique cbd Vitry-sur-Seine 94 I CBN/CBG/CB9,"74 Av. Anatole France, 94200 Vitry-sur-Seine, France",+33667574453,,https://olabcbd.fr/,https://www.google.com/maps/place/O%27Lab+CBD+Shop+I+boutique+cbd+Vitry-sur-Seine+94+I+CBN%2FCBG%2FCB9/data=!4m7!3m6!1s0x47e673688bbc3465:0xd5798b380e26a36e!8m2!3d48.8056944!4d2.4050289!16s%2Fg%2F11kbnrfm5w!19sChIJZTS8i2hz5kcRbqMmDjiLedU?authuser=0&hl=fr&g_ep=EgoyMDI2MDkxNi4wIJJjKgBIAVAD&rclk=1,,gmb
Avignon,boutique CBD,CBD Avignon - Bud&Co - Emballages & Accessoires,"2 Rte de Montfavet, 84000 Avignon, France",+33465810736,budco.fr@gmail.com,https://www.budco.fr/,https://www.google.com/maps/place/CBD+Avignon+-+Bud%26Co+-+Emballages+%26+Accessoires/data=!4m7!3m6!1s0x12b5ed1fcc622a31:0xf416d2b84db36cdd!8m2!3d43.9439678!4d4.8185888!16s%2Fg%2F11pwyv8g31!19sChIJMSpizB_ttRIR3WyzTbjSFvQ?authuser=0&hl=fr&g_ep=EgoyMDI2MDkxNi4wIJJjKgBIAVAD&rclk=1,,gmb
Avignon,boutique CBD,CBD JUNGLE le pontet,"19 bis Av. Guillaume de Fargis, 84130 Le Pontet, France",+33758123908,cbdjungl@gmail.com,https://www.cbd-jungle.com/,https://www.google.com/maps/place/CBD+JUNGLE+le+pontet/data=!4m7!3m6!1s0x12b5edfc9cccced1:0xd1a1e9967b4308f5!8m2!3d43.9604207!4d4.8613989!16s%2Fg%2F11sy47nnbz!19sChIJ0c7MnPzttRIR9QhDe5bpodE?authuser=0&hl=fr&g_ep=EgoyMDI2MDkxNi4wIJJjKgBIAVAD&rclk=1,,gmb
Avignon,boutique CBD,CBD-ZEN,"29 Voie Lucie Aubrac, 13550 Noves, France",+33769553478,contact@cbd-zen.fr,https://cbd-zen.fr/,https://www.google.com/maps/place/CBD-ZEN/data=!4m7!3m6!1s0x12b5f15566b95d19:0xb80af9afc6eac8eb!8m2!3d43.8724349!4d4.9048605!16s%2Fg%2F11vyqndx55!19sChIJGV25ZlXxtRIR68jqxq_5Crg?authuser=0&hl=fr&g_ep=EgoyMDI2MDkxNi4wIJJjKgBIAVAD&rclk=1,,gmb
Avignon,boutique CBD,L'herboriste CBD,"1126 Bis, 1126 Rte de l'Aérodrome, 84140 Avignon, France",+33952297586,,https://vapconcept.com/,https://www.google.com/maps/place/L%27herboriste+CBD/data=!4m7!3m6!1s0x12b5ed47741b7a5d:0x48d2a2219e9159d7!8m2!3d43.9154565!4d4.8904772!16s%2Fg%2F11sgk_32g1!19sChIJXXobdEfttRIR11mRniGi0kg?authuser=0&hl=fr&g_ep=EgoyMDI2MDkxNi4wIJJjKgBIAVAD&rclk=1,,gmb
Avignon,boutique CBD,CBD AVIGNON - BestBuddz,"517 Rte d'Entraigues, 84270 Vedène, France",+33484512476,,https://bestbuddz.shop/,https://www.google.com/maps/place/CBD+AVIGNON+-+BestBuddz/data=!4m7!3m6!1s0x12b58d7f37d4212b:0xf4674d91a9593523!8m2!3d43.9918251!4d4.9125391!16s%2Fg%2F11sv64y0_1!19sChIJKyHUN3-NtRIRIzVZqZFNZ_Q?authuser=0&hl=fr&g_ep=EgoyMDI2MDkxNi4wIJJjKgBIAVAD&rclk=1,,gmb
Créteil,boutique CBD,FAMILY CBD by Smoke Family,"25 Av. Pierre Brossolette, 94000 Créteil, France",+33171568230,,https://www.familycbd.fr/,"https://www.google.com/maps/place/FAMILY+CBD+by+Smoke+Family/@48.7923107,2.4619699,17z/data=!3m1!4b1!4m6!3m5!1s0x47e60df710b077b3:0x1d2bea2cd0e7257a!8m2!3d48.7923107!4d2.4619699!16s%2Fg%2F11shpdbgdl?entry=ttu&g_ep=EgoyMDI2MDkxNi4wIKXMDSoASAFQAw%3D%3D",,gmb
Dunkerque,boutique CBD,Greenbeux cbd shop Dunkerque,"34 Bd Sainte-Barbe, 59140 Dunkerque, France",+33611264277,contact@greenbeuxdunkerque.fr,https://greenbeuxdunkerque.fr/,https://www.google.com/maps/place/Greenbeux+cbd+shop+Dunkerque/data=!4m7!3m6!1s0x47dc8dcd8efad2d7:0xe68a80eb205dca4f!8m2!3d51.0343008!4d2.3811415!16s%2Fg%2F11jyk0x7rr!19sChIJ19L6js2N3EcRT8pdIOuAiuY?authuser=0&hl=fr&g_ep=EgoyMDI2MDkxNi4wIJJjKgBIAVAD&rclk=1,,gmb
Dunkerque,boutique CBD,Kopakana CBD Dunkerque,"43 Rue Clemenceau, 59140 Dunkerque, France",+33328211667,,https://www.kopakana.fr/,https://www.google.com/maps/place/Kopakana+CBD+Dunkerque/data=!4m7!3m6!1s0x47dc8d1d4a046f0d:0xdb83f09e08bb85e9!8m2!3d51.0370636!4d2.3765953!16s%2Fg%2F11l5kg8mwb!19sChIJDW8ESh2N3EcR6YW7CJ7wg9s?authuser=0&hl=fr&g_ep=EgoyMDI2MDkxNi4wIJJjKgBIAVAD&rclk=1,,gmb
Dunkerque,magasin CBD,CBD SHOP,"71 Rue de l'Amiral Ronarc'h, 59140 Dunkerque, France",+33610179667,,https://www.confort-bienetre-detente-shop.com/,https://www.google.com/maps/place/CBD+SHOP/data=!4m7!3m6!1s0x47dc8c7b63194acd:0x85a3734a1db4b2c0!8m2!3d51.0354379!4d2.3730377!16s%2Fg%2F11gxn516hp!19sChIJzUoZY3uM3EcRwLK0HUpzo4U?authuser=0&hl=fr&g_ep=EgoyMDI2MDkxNi4wIJJjKgBIAVAD&rclk=1,,gmb
Poitiers,boutique CBD,Purple Store CBD Poitiers,"7 Rue de Magenta, 86000 Poitiers, France",+33549434460,contact@purple-store.fr,https://purple-store.fr/,https://www.google.com/maps/place/Purple+Store+CBD+Poitiers/data=!4m7!3m6!1s0x47fdbf1d74a96e95:0xa4ca1a431d7fe2f3!8m2!3d46.5796731!4d0.3402511!16s%2Fg%2F11yyz4t1x6!19sChIJlW6pdB2__UcR8-J_HUMayqQ?authuser=0&hl=fr&g_ep=EgoyMDI2MDkxNi4wIJJjKgBIAVAD&rclk=1,,gmb
Poitiers,boutique CBD,My Chanvre | CBD Shop Poitiers,"1 Rue du Chaudron d'Or, 86000 Poitiers, France",+33549922621,contact@mychanvre.fr,http://mychanvre.fr/,https://www.google.com/maps/place/My+Chanvre+%7C+CBD+Shop+Poitiers/data=!4m7!3m6!1s0x47fdbfe77cbeff19:0xd84e7d95849c6266!8m2!3d46.5806919!4d0.341644!16s%2Fg%2F11jq8nz70q!19sChIJGf--fOe__UcRZmKchJV9Ttg?authuser=0&hl=fr&g_ep=EgoyMDI2MDkxNi4wIJJjKgBIAVAD&rclk=1,,gmb
Poitiers,boutique CBD,Plaisir CBD : CBD Poitiers,"28 Bd Jeanne d'Arc, 86000 Poitiers, France",+33586165050,,https://www.plaisir-cbd.com/,https://www.google.com/maps/place/Plaisir+CBD+:+CBD+Poitiers/data=!4m7!3m6!1s0x47fdbf63c8c17061:0x45ca95245811a3dd!8m2!3d46.5878951!4d0.3397051!16s%2Fg%2F11wxyc1067!19sChIJYXDByGO__UcR3aMRWCSVykU?authuser=0&hl=fr&g_ep=EgoyMDI2MDkxNi4wIJJjKgBIAVAD&rclk=1,,gmb
Poitiers,boutique CBD,Vap'store & CBD Poitiers - Cigarette Electronique,"16 Rue Henri Sainte-Claire Déville, 86000 Poitiers, France",+33549136396,,http://vapstore-cbd.fr/,https://www.google.com/maps/place/Vap%27store+%26+CBD+Poitiers+-+Cigarette+Electronique/data=!4m7!3m6!1s0x47fdbdacebdff3b9:0xde960498c9188fbb!8m2!3d46.6034323!4d0.3274208!16s%2Fg%2F11zfgy2_fl!19sChIJufPf66y9_UcRu48YyZgElt4?authuser=0&hl=fr&g_ep=EgoyMDI2MDkxNi4wIJJjKgBIAVAD&rclk=1,,gmb
Poitiers,boutique CBD,🥇 Royaume des vapoteurs - cigarette electronique et CBD - Poitiers,"25 Rue du Marché Notre Dame, 86000 Poitiers, France",+33549305015,,https://www.royaume-vapoteurs.com/,https://www.google.com/maps/place/%F0%9F%A5%87+Royaume+des+vapoteurs+-+cigarette+electronique+et+CBD+-+Poitiers/data=!4m7!3m6!1s0x47fdbfa71c474d13:0xafd1eb5e71f499dd!8m2!3d46.5822616!4d0.3431309!16s%2Fg%2F11pkfnfnn4!19sChIJE01HHKe__UcR3Zn0cV7r0a8?authuser=0&hl=fr&g_ep=EgoyMDI2MDkxNi4wIJJjKgBIAVAD&rclk=1,,gmb
Poitiers,boutique CBD,"🥇 Vapofolie - cigarette électroniques, e-liquides et cbd Poitiers","2 Av. de Lafayette, 86000 Poitiers, France",+33549016237,,https://www.vapofolie.com/,"https://www.google.com/maps/place/%F0%9F%A5%87+Vapofolie+-+cigarette+%C3%A9lectroniques,+e-liquides+et+cbd+Poitiers/data=!4m7!3m6!1s0x47fdbf7f7d42b38d:0x3db94e2f0f2bd9e5!8m2!3d46.5746929!4d0.3737186!16s%2Fg%2F11wxqpp03z!19sChIJjbNCfX-__UcR5dkrDy9OuT0?authuser=0&hl=fr&g_ep=EgoyMDI2MDkxNi4wIJJjKgBIAVAD&rclk=1",,gmb
Poitiers,boutique CBD,"Neovapo cigarette electronique, e-liquide, CBD Poitiers centre ville","18 Rue des Grandes Écoles, 86000 Poitiers, France",+33516521718,contact@neovapo.com,https://www.neovapo.com/boutique-cigarette-electronique-poitiers-centre.html,"https://www.google.com/maps/place/Neovapo+cigarette+electronique,+e-liquide,+CBD+Poitiers+centre+ville/data=!4m7!3m6!1s0x47fdbe6dd2659e9d:0x62a1f449dae9be8e!8m2!3d46.5809657!4d0.3408549!16s%2Fg%2F11fy_qn5cd!19sChIJnZ5l0m2-_UcRjr7p2kn0oWI?authuser=0&hl=fr&g_ep=EgoyMDI2MDkxNi4wIJJjKgBIAVAD&rclk=1",,gmb
Asnières-sur-Seine,boutique CBD,ZenVap Shop,"90 Rue des Bourguignons, 92600 Asnières-sur-Seine, France",+33967413051,,https://www.zenvapshop.fr/,https://www.google.com/maps/place/ZenVap+Shop/data=!4m7!3m6!1s0x47e6658c6917aa53:0x506909115a79fede!8m2!3d48.9147319!4d2.2749275!16s%2Fg%2F11cs4w69y0!19sChIJU6oXaYxl5kcR3v55WhEJaVA?authuser=0&hl=fr&g_ep=EgoyMDI2MDkxNi4wIJJjKgBIAVAD&rclk=1,,gmb
Versailles,boutique CBD,CBD & E-LIQUIDES VERSAILLES - CBDbee,"64 Rue des Chantiers, 78000 Versailles, France",+33756952500,,http://cbdbee.fr/,https://www.google.com/maps/place/CBD+%26+E-LIQUIDES+VERSAILLES+-+CBDbee/data=!4m7!3m6!1s0x2afe9362544dbed3:0x696a416bfd03b912!8m2!3d48.792744!4d2.1432402!16s%2Fg%2F11p6r6tcr5!19sChIJ075NVGKT_ioRErkD_WtBamk?authuser=0&hl=fr&g_ep=EgoyMDI2MDkxNi4wIJJjKgBIAVAD&rclk=1,,gmb
Versailles,boutique CBD,Kanna-Sucre,"59 Av. de Saint-Cloud, 78000 Versailles, France",+33970929520,,https://www.kanna-sucre.com/?utm_source=gmb,https://www.google.com/maps/place/Kanna-Sucre/data=!4m7!3m6!1s0x47e67d34f6b7e9a7:0xadf13f0d5dbbef99!8m2!3d48.805573!4d2.1343677!16s%2Fg%2F11tjjvrl5l!19sChIJp-m39jR95kcRme-7XQ0_8a0?authuser=0&hl=fr&g_ep=EgoyMDI2MDkxNi4wIJJjKgBIAVAD&rclk=1,,gmb
Versailles,boutique CBD,CBD VERSAILLES - WEED LAND,"4 bis Rue du Refuge, 78000 Versailles, France",+33139501869,,http://www.weedland.shop/,https://www.google.com/maps/place/CBD+VERSAILLES+-+WEED+LAND/data=!4m7!3m6!1s0x47e67da10cc81a23:0x6648084cd568cfea!8m2!3d48.8050519!4d2.1421299!16s%2Fg%2F11np2fjk50!19sChIJIxrIDKF95kcR6s9o1UwISGY?authuser=0&hl=fr&g_ep=EgoyMDI2MDkxNi4wIJJjKgBIAVAD&rclk=1,,gmb
Versailles,boutique CBD,CBD-District,"17 Rue Royale, 78000 Versailles, France",+33652495216,info@cbd-district.com,https://www.cbd-district.com/,https://www.google.com/maps/place/CBD-District/data=!4m7!3m6!1s0x47e66314eb48f1ff:0x1d202c58550fdd40!8m2!3d48.7983091!4d2.1274614!16s%2Fg%2F11hyygk0m6!19sChIJ__FI6xRj5kcRQN0PVVgsIB0?authuser=0&hl=fr&g_ep=EgoyMDI2MDkxNi4wIJJjKgBIAVAD&rclk=1,,gmb
Versailles,boutique CBD,La Chanvré Paris - Boutique en ligne de bien-être CBD,"35 Rue des Chantiers Siège, 78000 Versailles, France",+33769143440,,http://lachanvreparis.com/,https://www.google.com/maps/place/La+Chanvr%C3%A9+Paris+-+Boutique+en+ligne+de+bien-%C3%AAtre+CBD/data=!4m7!3m6!1s0x47e67d9cca2a4fd3:0x2f7443405a1cb335!8m2!3d48.795951!4d2.1386626!16s%2Fg%2F11nmr5ychl!19sChIJ008qypx95kcRNbMcWkBDdC8?authuser=0&hl=fr&g_ep=EgoyMDI2MDkxNi4wIJJjKgBIAVAD&rclk=1,,gmb
Versailles,boutique CBD,Worldvape & CBD,"13 Rue de la Paroisse, 78000 Versailles, France",+33130219562,worldvapestore@gmail.fr,https://www.worldvape.fr/,https://www.google.com/maps/place/Worldvape+%26+CBD/data=!4m7!3m6!1s0x47e67dba8fa55555:0x6b2d45394dc3bf6a!8m2!3d48.8081057!4d2.1267782!16s%2Fg%2F11fj3xtlxw!19sChIJVVWlj7p95kcRar_DTTlFLWs?authuser=0&hl=fr&g_ep=EgoyMDI2MDkxNi4wIJJjKgBIAVAD&rclk=1,,gmb
Colombes,magasin CBD,Le Petit Fumeur Cigarette Electronique,"37 Rue Saint-Denis, 92700 Colombes, France",+33157710235,,https://www.lepetitfumeur.fr/,https://www.google.com/maps/place/Le+Petit+Fumeur+Cigarette+Electronique/data=!4m7!3m6!1s0x47e6651488577bb9:0xf0bdbc9218be703e!8m2!3d48.9236833!4d2.2562757!16s%2Fg%2F11h__btvl1!19sChIJuXtXiBRl5kcRPnC-GJK8vfA?authuser=0&hl=fr&g_ep=EgoyMDI2MDkxNi4wIJJjKgBIAVAD&rclk=1,,gmb
Rueil-Malmaison,boutique CBD,O'garden / CBD shop / Vape,"43 Av. du Président Georges Pompidou, 92500 Rueil-Malmaison, France",+33768279422,,http://www.cbdogarden.fr/,https://www.google.com/maps/place/O%27garden+%2F+CBD+shop+%2F+Vape/data=!4m7!3m6!1s0x47e6653c8a94b19b:0x1eea0e5b47cadce5!8m2!3d48.8721616!4d2.1931426!16s%2Fg%2F11s0zn_ztq!19sChIJm7GUijxl5kcR5dzKR1sO6h4?authuser=0&hl=fr&g_ep=EgoyMDI2MDkxNi4wIJJjKgBIAVAD&rclk=1,,gmb
Rueil-Malmaison,magasin CBD,Tabalire,"103 Av. Paul Doumer, 92500 Rueil-Malmaison, France",+33147515452,,https://manager.solocal.com/#/app/2/location/51907169/reputation/review,https://www.google.com/maps/place/Tabalire/data=!4m7!3m6!1s0x47e663678747995d:0xdfdc5580c3758cee!8m2!3d48.8796544!4d2.1803496!16s%2Fg%2F11ddwt_wgs!19sChIJXZlHh2dj5kcR7ox1w4BV3N8?authuser=0&hl=fr&g_ep=EgoyMDI2MDkxNi4wIJJjKgBIAVAD&rclk=1,https://www.pagesjaunes.fr/pros/51907169,pagesjaunes
Rueil-Malmaison,magasin CBD,Tabac Presse de l’Arsenal - Café - Vaping Shop,"74 Rue des Bons Raisins, 92500 Rueil-Malmaison, France",+33147161142,,https://www.mavillemonshopping.fr/fr/rueil-malmaison/boutiques/tabac-de-l-arsenal,https://www.google.com/maps/place/Tabac+Presse+de+l%E2%80%99Arsenal+-+Caf%C3%A9+-+Vaping+Shop/data=!4m7!3m6!1s0x47e665c42432de6d:0xb8b75b07291caaf7!8m2!3d48.8719638!4d2.1985789!16s%2Fg%2F11s413k40x!19sChIJbd4yJMRl5kcR96ocKQdbt7g?authuser=0&hl=fr&g_ep=EgoyMDI2MDkxNi4wIJJjKgBIAVAD&rclk=1,,gmb
Pau,boutique CBD,Organic CBD SHOP,"17 Rue Maréchal Joffre, 64000 Pau, France",+33559047592,organicpau64@gmail.com,http://organic-cbdshop.fr/,https://www.google.com/maps/place/Organic+CBD+SHOP/data=!4m7!3m6!1s0xd5649f370423049:0xeacfd2afe273138!8m2!3d43.2955687!4d-0.3707919!16s%2Fg%2F11ns0gzcjk!19sChIJSTBCcPNJVg0RODEn_ir9rA4?authuser=0&hl=fr&g_ep=EgoyMDI2MDkxNi4wIJJjKgBIAVAD&rclk=1,,gmb
Pau,boutique CBD,The CBD House - CBD Pau,"20 Cr Bosquet, 64000 Pau, France",+33559357839,contact@thecbdhouse.fr,https://www.thecbdhouse.fr/,https://www.google.com/maps/place/The+CBD+House+-+CBD+Pau/data=!4m7!3m6!1s0xd56496efb65a77f:0x7e39c7610f978b50!8m2!3d43.2972545!4d-0.3665172!16s%2Fg%2F11t__ps3jv!19sChIJf6dl-25JVg0RUIuXD2HHOX4?authuser=0&hl=fr&g_ep=EgoyMDI2MDkxNi4wIJJjKgBIAVAD&rclk=1,,gmb
Aubervilliers,boutique CBD,CBD Shop ÔMADRAS SUGAR,"4 Rue Marie Louise, 93500 Pantin, France",+33749320054,,https://omadras-cbd.myshopify.com/,https://www.google.com/maps/place/CBD+Shop+%C3%94MADRAS+SUGAR/data=!4m7!3m6!1s0x47e66d862d4517e7:0x7dde9af4ea2c315e!8m2!3d48.9023621!4d2.4025053!16s%2Fg%2F11pbpt6sgc!19sChIJ5xdFLYZt5kcRXjEs6vSa3n0?authuser=0&hl=fr&g_ep=EgoyMDI2MDkxNi4wIJJjKgBIAVAD&rclk=1,,gmb
Aubervilliers,magasin CBD,Le Point Chanvre,"10 Av. Victor Hugo, 93320 Les Pavillons-sous-Bois, France",+33143605673,contact@lepointchanvre.fr,https://lepointchanvre.fr/,https://www.google.com/maps/place/Le+Point+Chanvre/data=!4m7!3m6!1s0x47e613df79364ad5:0x35e261c3b87d91aa!8m2!3d48.9101216!4d2.5128753!16s%2Fg%2F11rq8xttn_!19sChIJ1Uo2ed8T5kcRqpF9uMNh4jU?authuser=0&hl=fr&g_ep=EgoyMDI2MDkxNi4wIJJjKgBIAVAD&rclk=1,,gmb
Antibes,boutique CBD,Roc Smoke magasin de CBD Antibes,"11 Bd Dugommier, 06600 Antibes, France",+33493640056,contact@rocsmoke.fr,https://www.rocsmoke.fr/,https://www.google.com/maps/place/Roc+Smoke+magasin+de+CBD+Antibes/data=!4m7!3m6!1s0x12cdd5e84e3f807b:0xdbe9c5cb14b26036!8m2!3d43.5815592!4d7.1192015!16s%2Fg%2F11z79d0y9_!19sChIJe4A_TujVzRIRNmCyFMvF6ds?authuser=0&hl=fr&g_ep=EgoyMDI2MDkxNi4wIJJjKgBIAVAD&rclk=1,,gmb
Antibes,boutique CBD,CBD Esplanade Livraison | MeditekShop,"114 Bd du Président Wilson, 06160 Antibes, France",+33748110937,meditekshop@gmail.com,https://www.meditekshop.com/,https://www.google.com/maps/place/CBD+Esplanade+Livraison+%7C+MeditekShop/data=!4m7!3m6!1s0x12cdd55bb7ebe477:0x95f81d9d11b82608!8m2!3d43.5706462!4d7.1142103!16s%2Fg%2F11y_syb1nx!19sChIJd-Trt1vVzRIRCCa4EZ0d-JU?authuser=0&hl=fr&g_ep=EgoyMDI2MDkxNi4wIJJjKgBIAVAD&rclk=1,,gmb
La Rochelle,boutique CBD,Chez Ben'Do - CBD Shop & Vape La Rochelle,"76 Rue Emile Normandin, 17000 La Rochelle, France",+33677389546,contact@ben-do.fr,https://www.ben-do.fr/,https://www.google.com/maps/place/Chez+Ben%27Do+-+CBD+Shop+%26+Vape+La+Rochelle/data=!4m7!3m6!1s0x480153eeaf042e7f:0xe04151f4550cc355!8m2!3d46.1456639!4d-1.1429147!16s%2Fg%2F11ptrcwpxz!19sChIJfy4Er-5TAUgRVcMMVfRRQeA?authuser=0&hl=fr&g_ep=EgoyMDI2MDkxNi4wIJJjKgBIAVAD&rclk=1,,gmb
Saint-Maur-des-Fossés,boutique CBD,Nature shop,"16 BIS Av. Desgenettes, 94100 Saint-Maur-des-Fossés, France",+33608122322,,https://yoyos-cbdshop.com/,https://www.google.com/maps/place/Nature+shop/data=!4m7!3m6!1s0x47e60d3284f1b7c7:0xd593d0461cf846b6!8m2!3d48.8074999!4d2.4734011!16s%2Fg%2F11sjd1q9bx!19sChIJx7fxhDIN5kcRtkb4HEbQk9U?authuser=0&hl=fr&g_ep=EgoyMDI2MDkxNi4wIJJjKgBIAVAD&rclk=1,,gmb
Saint-Maur-des-Fossés,boutique CBD,42 grammes,"23 Rue Saint-Hilaire, 94210 Saint-Maur-des-Fossés, France",,,https://42grammes.com/,https://www.google.com/maps/place/42+grammes/data=!4m7!3m6!1s0x47e60df5c2e4eb53:0xab28e445ac117bf8!8m2!3d48.7915808!4d2.5132174!16s%2Fg%2F11v17zxxr9!19sChIJU-vkwvUN5kcR-HsRrEXkKKs?authuser=0&hl=fr&g_ep=EgoyMDI2MDkxNi4wIJJjKgBIAVAD&rclk=1,,gmb
Saint-Maur-des-Fossés,boutique CBD,"ESCALE CBD Distributeur de CBD et Cigarettes Électroniques, EscaleCBD","22 Rte de la Libération, 94430 Chennevières-sur-Marne, France",+33665826230,contact@escaledistribution.com,https://www.escalecbd.com/,"https://www.google.com/maps/place/ESCALE+CBD+Distributeur+de+CBD+et+Cigarettes+%C3%89lectroniques,+EscaleCBD/data=!4m7!3m6!1s0x47e60dc9133974d7:0x6927998ea3c7c4c8!8m2!3d48.8018171!4d2.5396622!16s%2Fg%2F11x84qx_1j!19sChIJ13Q5E8kN5kcRyMTHo46ZJ2k?authuser=0&hl=fr&g_ep=EgoyMDI2MDkxNi4wIJJjKgBIAVAD&rclk=1",,gmb
Saint-Maur-des-Fossés,magasin CBD,CIGAHERTZ,"98 Av. Carnot, 94100 Saint-Maur-des-Fossés, France",+33143940686,,http://www.cigahertz.com/,https://www.google.com/maps/place/CIGAHERTZ/data=!4m7!3m6!1s0x47e60cf269ec23a1:0x32fae7e03fe97bb9!8m2!3d48.7962709!4d2.4868955!16s%2Fg%2F12lssy2n1!19sChIJoSPsafIM5kcRuXvpP-Dn-jI?authuser=0&hl=fr&g_ep=EgoyMDI2MDkxNi4wIJJjKgBIAVAD&rclk=1,,gmb
Cannes,boutique CBD,Cbdcarebio,"51 Rue Georges Clemenceau, 06400 Cannes, France",+33781216828,info@cbdcarebio.com,http://www.cbdcarebio.com/,https://www.google.com/maps/place/Cbdcarebio/data=!4m7!3m6!1s0x12ce81d1c9836bb7:0xb300716662d34c41!8m2!3d43.5487153!4d7.0102401!16s%2Fg%2F11n05c0w3l!19sChIJt2uDydGBzhIRQUzTYmZxALM?authuser=0&hl=fr&g_ep=EgoyMDI2MDkxNi4wIJJjKgBIAVAD&rclk=1,,gmb
Cannes,boutique CBD,PROVENCE CBD Cannes,"33 Rue Georges Clemenceau, 06400 Cannes, France",+33667961894,info@nolimite.fr,https://nolimite.fr/provence-cbd-cannes,https://www.google.com/maps/place/PROVENCE+CBD+Cannes/data=!4m7!3m6!1s0x12ce812241ae35e9:0xc3fc13a379a69974!8m2!3d43.5492363!4d7.0116182!16s%2Fg%2F11pd2g41v3!19sChIJ6TWuQSKBzhIRdJmmeaMT_MM?authuser=0&hl=fr&g_ep=EgoyMDI2MDkxNi4wIJJjKgBIAVAD&rclk=1,,gmb
Cannes,boutique CBD,CBD Cannes La Bocca - LS LABFARM City,"87 Av. Michel Jourdan, 06150 Cannes, France",+33660075588,,https://www.drsmoke-06.fr/,https://www.google.com/maps/place/CBD+Cannes+La+Bocca+-+LS+LABFARM+City/data=!4m7!3m6!1s0x12ce838cf898cdd9:0xd5895b0bd5f1917f!8m2!3d43.5553219!4d6.9708714!16s%2Fg%2F11nnvbrqz9!19sChIJ2c2Y-IyDzhIRf5Hx1QtbidU?authuser=0&hl=fr&g_ep=EgoyMDI2MDkxNi4wIJJjKgBIAVAD&rclk=1,,gmb
Calais,boutique CBD,Kanaleg Premium CBD Store,"26 Bd la Fayette, 62100 Calais, France",+33374737185,contact@kanaleg.com,https://kanaleg.com/?ref=1,https://www.google.com/maps/place/Kanaleg+Premium+CBD+Store/data=!4m7!3m6!1s0x47dc3f9f5bd064bf:0xdecc6d2e50183437!8m2!3d50.946893!4d1.85624!16s%2Fg%2F11sckgz9hg!19sChIJv2TQW58_3EcRNzQYUC5tzN4?authuser=0&hl=fr&g_ep=EgoyMDI2MDkxNi4wIJJjKgBIAVAD&rclk=1,,gmb
Béziers,boutique CBD,Darkina CBD Béziers,"28T Av. Jean Moulin, 34500 Béziers, France",+33671021394,darkinacbd.contact@yahoo.com,https://darkina-cbd.com/,https://www.google.com/maps/place/Darkina+CBD+B%C3%A9ziers/data=!4m7!3m6!1s0x12b10ffe4be24cd3:0x8efcf9f6684ff081!8m2!3d43.3501229!4d3.2279586!16s%2Fg%2F11v54h8cdw!19sChIJ00ziS_4PsRIRgfBPaPb5_I4?authuser=0&hl=fr&g_ep=EgoyMDI2MDkxNi4wIJJjKgBIAVAD&rclk=1,,gmb
Bourges,magasin CBD,Human CBD,"5 Rue d'Auron, 18000 Bourges, France",+33767095766,contact@human-cbd.fr,https://www.human-cbd.fr/18000-cbd-a-bourges/,https://www.google.com/maps/place/Human+CBD/data=!4m7!3m6!1s0x47fa97ca6c6589f1:0x4b7fc17f79e793de!8m2!3d47.0821779!4d2.3948782!16s%2Fg%2F11yjhmtxr5!19sChIJ8YllbMqX-kcR3pPneX_Bf0s?authuser=0&hl=fr&g_ep=EgoyMDI2MDkxNi4wIJJjKgBIAVAD&rclk=1,,gmb
Valence,boutique CBD,CBD Valence - Monsieur CBD Valence [Expert CBD Depuis 2020],"22 Bd Général de Gaulle, 26000 Valence, France",+33481666209,,https://monsieur-cbd.shop/,https://www.google.com/maps/place/CBD+Valence+-+Monsieur+CBD+Valence+%5BExpert+CBD+Depuis+2020%5D/data=!4m7!3m6!1s0x47f55950c54dca8d:0x2beaa6c08cfb09e0!8m2!3d44.9301543!4d4.8929357!16s%2Fg%2F11p0159v_s!19sChIJjcpNxVBZ9UcR4An7jMCm6is?authuser=0&hl=fr&g_ep=EgoyMDI2MDkxNi4wIJJjKgBIAVAD&rclk=1,,gmb
Valence,boutique CBD,CBD Valence - Mister Kana,"78 Rue Madier de Montjau, 26000 Valence, France",+33465842139,contact@misterkana.fr,https://cbdvalence.fr/,https://www.google.com/maps/place/CBD+Valence+-+Mister+Kana/data=!4m7!3m6!1s0x47f5592f930c5691:0x34af4d1236b56afc!8m2!3d44.9322829!4d4.8948449!16s%2Fg%2F11whf_ch4p!19sChIJkVYMky9Z9UcR_Gq1NhJNrzQ?authuser=0&hl=fr&g_ep=EgoyMDI2MDkxNi4wIJJjKgBIAVAD&rclk=1,,gmb
Valence,boutique CBD,CBD Valence - Natural Store 26,"31 Rue Emile Augier, 26000 Valence, France",+33475593493,,https://natural-store-valence-cbd-shop.business.site/?m=true,https://www.google.com/maps/place/CBD+Valence+-+Natural+Store+26/data=!4m7!3m6!1s0x47f5592b065e7289:0xf364260ed24b3a24!8m2!3d44.9319432!4d4.8920158!16s%2Fg%2F11nmpl4m2b!19sChIJiXJeBitZ9UcRJDpL0g4mZPM?authuser=0&hl=fr&g_ep=EgoyMDI2MDkxNi4wIJJjKgBIAVAD&rclk=1,,gmb
Valence,boutique CBD,"CBD Valence - L'ABCBD - Depuis 2020 - VMAC, ...","4 Rue Joubert, 26000 Valence, France",+33475627160,labcbd@hotmail.com,https://www.labcbd.fr/,"https://www.google.com/maps/place/CBD+Valence+-+L%27ABCBD+-+Depuis+2020+-+VMAC,+.../data=!4m7!3m6!1s0x47f5592eb7b9d2cb:0x71fa653de3ce5fd3!8m2!3d44.9275628!4d4.8901229!16s%2Fg%2F11hnnxx0pg!19sChIJy9K5ty5Z9UcR01_O4z1l-nE?authuser=0&hl=fr&g_ep=EgoyMDI2MDkxNi4wIJJjKgBIAVAD&rclk=1",,gmb
Valence,boutique CBD,CBD VALENCE - WeeBud®️,"3 Rue du Théatre, 26000 Valence, France",+33426520614,contact@weebud.fr,https://weebud.fr/,https://www.google.com/maps/place/CBD+VALENCE+-+WeeBud%C2%AE%EF%B8%8F/data=!4m7!3m6!1s0x47f559c312046b83:0xec5589ee40ade02!8m2!3d44.9330299!4d4.891249!16s%2Fg%2F11twc57dnt!19sChIJg2sEEsNZ9UcRAt4K5J5YxQ4?authuser=0&hl=fr&g_ep=EgoyMDI2MDkxNi4wIJJjKgBIAVAD&rclk=1,,gmb
Quimper,boutique CBD,SMOKE4ONE®,"12 Pl. de la Tourbie, 29000 Quimper, France",+33960481417,contact@smoke4one.com,http://www.smoke4one.com/,https://www.google.com/maps/place/SMOKE4ONE%C2%AE/data=!4m7!3m6!1s0x4810d57d1652a087:0x452aa1b5c4e0bf62!8m2!3d47.9992271!4d-4.1033379!16s%2Fg%2F11wwt2gnzt!19sChIJh6BSFn3VEEgRYr_gxLWhKkU?authuser=0&hl=fr&g_ep=EgoyMDI2MDkxNi4wIJJjKgBIAVAD&rclk=1,,gmb
Issy-les-Moulineaux,boutique CBD,TAKE CARE CBD HOUSE,"110 Bd Gallieni, 92130 Issy-les-Moulineaux, France",+33986204316,contact@takecarecbd.fr,http://www.takecarecbd.fr/,https://www.google.com/maps/place/TAKE+CARE+CBD+HOUSE/data=!4m7!3m6!1s0x47e67b3f7e92c481:0xb44b6f0e0e191093!8m2!3d48.8233516!4d2.2678226!16s%2Fg%2F11swgwcwqx!19sChIJgcSSfj975kcRkxAZDg5vS7Q?authuser=0&hl=fr&g_ep=EgoyMDI2MDkxNi4wIJJjKgBIAVAD&rclk=1,,gmb
Issy-les-Moulineaux,boutique CBD,CBD Shop 24h24,"92 Rue Camille Desmoulins, 92130 Issy-les-Moulineaux, France",,,https://vendingboxmatic.fr/,https://www.google.com/maps/place/CBD+Shop+24h24/data=!4m7!3m6!1s0x47e67b3dddd7606d:0x532b2393d63d9fa0!8m2!3d48.8286801!4d2.2628136!16s%2Fg%2F11vjz_hfcj!19sChIJbWDX3T175kcRoJ891pMjK1M?authuser=0&hl=fr&g_ep=EgoyMDI2MDkxNi4wIJJjKgBIAVAD&rclk=1,,gmb
Villeneuve-d'Ascq,boutique CBD,CBD DU CH'TI Villeneuve d'Ascq,"13 Rue d'Orléans, 59650 Villeneuve-d'Ascq, France",+33374464800,,http://www.cbdduchti.com/,https://www.google.com/maps/place/CBD+DU+CH%27TI+Villeneuve+d%27Ascq/data=!4m7!3m6!1s0x47c329aa55594737:0x776618e2c25433ed!8m2!3d50.628205!4d3.1366811!16s%2Fg%2F11rtvz931t!19sChIJN0dZVaopw0cR7TNUwuIYZnc?authuser=0&hl=fr&g_ep=EgoyMDI2MDkxNi4wIJJjKgBIAVAD&rclk=1,,gmb
Villeneuve-d'Ascq,boutique CBD,Autour du CBD,"86 Rue de Lille, 59650 Villeneuve-d'Ascq, France",+33763039242,,https://autourducbd.com/,https://www.google.com/maps/place/Autour+du+CBD/data=!4m7!3m6!1s0x47c2d7b1e4b5d3d5:0x5d66862971b73de!8m2!3d50.6248803!4d3.1476709!16s%2Fg%2F11wnl3kjhv!19sChIJ1dO15LHXwkcR3nMbl2Jo1gU?authuser=0&hl=fr&g_ep=EgoyMDI2MDkxNi4wIJJjKgBIAVAD&rclk=1,,gmb
Levallois-Perret,boutique CBD,GREENSWALLOW Levallois CBD,"6 Rue Voltaire, 92300 Levallois-Perret, France",+33189291223,contact@accesscopy.fr,https://www.green-swallow.fr/green-swallow-levallois-perret,https://www.google.com/maps/place/GREENSWALLOW+Levallois+CBD/data=!4m7!3m6!1s0x47e66fecf7dedb29:0xa741f82de306141b!8m2!3d48.8909015!4d2.2817203!16s%2Fg%2F11kjlvzy3y!19sChIJKdve9-xv5kcRGxQG4y34Qac?authuser=0&hl=fr&g_ep=EgoyMDI2MDkxNi4wIJJjKgBIAVAD&rclk=1,,gmb
Troyes,boutique CBD,We Green CBD Troyes,"40 Rue Général Saussier, 10000 Troyes, France",+33751403196,,http://wegreenshop.myshopify.com/,https://www.google.com/maps/place/We+Green+CBD+Troyes/data=!4m7!3m6!1s0x47ee98f87d1d98f1:0x3930b5474b365ddc!8m2!3d48.2945608!4d4.073666!16s%2Fg%2F11h04h057c!19sChIJ8ZgdffiY7kcR3F02S0e1MDk?authuser=0&hl=fr&g_ep=EgoyMDI2MDkxNi4wIJJjKgBIAVAD&rclk=1,,gmb
Troyes,boutique CBD,HISTOIRE DE GRAINES Troyes / CBD SHOP,"21 Rue Turenne, 10000 Troyes, France",+33656855128,contact@hemproad.fr,https://www.hemproad.fr/,https://www.google.com/maps/place/HISTOIRE+DE+GRAINES+Troyes+%2F+CBD+SHOP/data=!4m7!3m6!1s0x47ee9857d274625b:0x12301768e6eb7efd!8m2!3d48.2944858!4d4.0725892!16s%2Fg%2F11gf8hg0p6!19sChIJW2J00leY7kcR_X7r5mgXMBI?authuser=0&hl=fr&g_ep=EgoyMDI2MDkxNi4wIJJjKgBIAVAD&rclk=1,,gmb
Troyes,boutique CBD,Yes Store Troyes - Cigarette électronique & CBD Troyes,"Galerie Commerciale Carrefour, 2 Av. Charles de Refuge, 10120 Saint-André-les-Vergers, France",+33668181345,,https://www.yesstore.fr/,https://www.google.com/maps/place/Yes+Store+Troyes+-+Cigarette+%C3%A9lectronique+%26+CBD+Troyes/data=!4m7!3m6!1s0x47ee99b4017450e3:0xfa8d7efd40414c64!8m2!3d48.2827982!4d4.0538897!16s%2Fg%2F11bxc7j2tr!19sChIJ41B0AbSZ7kcRZExBQP1-jfo?authuser=0&hl=fr&g_ep=EgoyMDI2MDkxNi4wIJJjKgBIAVAD&rclk=1,,gmb
Troyes,boutique CBD,CBD Shop Purple Store Troyes,"34 Pl. Jean Jaurès, 10000 Troyes, France",+33766432203,,https://www.purple-store.com/,https://www.google.com/maps/place/CBD+Shop+Purple+Store+Troyes/data=!4m7!3m6!1s0x47ee99c9653a0b59:0xb50cbebbbd284d3f!8m2!3d48.2949846!4d4.0703498!16s%2Fg%2F11rtcd_xcc!19sChIJWQs6ZcmZ7kcRP00ovbu-DLU?authuser=0&hl=fr&g_ep=EgoyMDI2MDkxNi4wIJJjKgBIAVAD&rclk=1,,gmb
Neuilly-sur-Seine,boutique CBD,Mama Kana,"15 Rue Pitois, 92800 Puteaux, France",+33188812102,contact@mamakana.com,https://www.mamakana.com/,https://www.google.com/maps/place/Mama+Kana/data=!4m7!3m6!1s0x47e66543850b6135:0x10d205f803bda1f7!8m2!3d48.8791407!4d2.2393177!16s%2Fg%2F11j7kd8r1t!19sChIJNWELhUNl5kcR96G9A_gF0hA?authuser=0&hl=fr&g_ep=EgoyMDI2MDkxNi4wIJJjKgBIAVAD&rclk=1,,gmb
La Seyne-sur-Mer,boutique CBD,CBD la Seyne sur Mer | Exodus,"8 Pl. Germain Loro, 83500 La Seyne-sur-Mer, France",+33634179569,contact@exodus-cbd.fr,https://www.exodus-cbd.fr/,https://www.google.com/maps/place/CBD+la+Seyne+sur+Mer+%7C+Exodus/data=!4m7!3m6!1s0x12c9053aaeee39a3:0x8963ce42ec7dd75e!8m2!3d43.1017716!4d5.8769572!16s%2Fg%2F11tk2l24wv!19sChIJoznurjoFyRIRXtd97ELOY4k?authuser=0&hl=fr&g_ep=EgoyMDI2MDkxNi4wIJJjKgBIAVAD&rclk=1,,gmb
La Seyne-sur-Mer,boutique CBD,Alpha X CBD Shop,"40 Av. Gambetta, 83500 La Seyne-sur-Mer, France",+33423267369,,https://www.alphax-cbdshop.fr/,https://www.google.com/maps/place/Alpha+X+CBD+Shop/data=!4m7!3m6!1s0x12c9056beacb3515:0x41b0e75cfe9fa150!8m2!3d43.1039707!4d5.8790007!16s%2Fg%2F11tg8pmg33!19sChIJFTXL6msFyRIRUKGf_lznsEE?authuser=0&hl=fr&g_ep=EgoyMDI2MDkxNi4wIJJjKgBIAVAD&rclk=1,,gmb
La Seyne-sur-Mer,magasin CBD,Boomz - Delta-9 THC & Muscimol - La Seyne,"1 Rue Franchipani, 83500 La Seyne-sur-Mer, France",+33987511751,,https://www.boomzlife.com/,https://www.google.com/maps/place/Boomz+-+Delta-9+THC+%26+Muscimol+-+La+Seyne/data=!4m7!3m6!1s0x12c905d921d4c3d9:0xff32ea139525cf0b!8m2!3d43.3357505!4d5.7517511!16s%2Fg%2F11np929rn8!19sChIJ2cPUIdkFyRIRC88llRPqMv8?authuser=0&hl=fr&g_ep=EgoyMDI2MDkxNi4wIJJjKgBIAVAD&rclk=1,,gmb
La Seyne-sur-Mer,magasin CBD,Best Of CBD | Magasin de CBD Six-Fours,"286 Chem. de Bassaquet, 83140 Six-Fours-les-Plages, France",+33494632145,contact@best-of-cbd.fr,https://best-of-cbd.fr/,https://www.google.com/maps/place/Best+Of+CBD+%7C+Magasin+de+CBD+Six-Fours/data=!4m7!3m6!1s0x12c90515206a8945:0xf424a830bbc1d32b!8m2!3d43.1195123!4d5.8450274!16s%2Fg%2F11vbqrf14j!19sChIJRYlqIBUFyRIRK9PBuzCoJPQ?authuser=0&hl=fr&g_ep=EgoyMDI2MDkxNi4wIJJjKgBIAVAD&rclk=1,,gmb
Lorient,magasin CBD,Noide CBD shop Lorient,"51 Rue de Liège, 56100 Lorient, France",+33987154179,,https://noide.fr/,https://www.google.com/maps/place/Noide+CBD+shop+Lorient/data=!4m7!3m6!1s0x48105f09bbd91301:0xd922799513b8dbc1!8m2!3d47.7477821!4d-3.3605022!16s%2Fg%2F11hp56cq2x!19sChIJARPZuwlfEEgRwdu4E5V5Itk?authuser=0&hl=fr&g_ep=EgoyMDI2MDkxNi4wIJJjKgBIAVAD&rclk=1,,gmb
Saint-Quentin,boutique CBD,GREENBOX CBD SHOP ST QUENTIN,"116 Rue d'Isle, 02100 Saint-Quentin, France",+33980850662,,https://www.greenboxcbdshop.fr/,https://www.google.com/maps/place/GREENBOX+CBD+SHOP+ST+QUENTIN/data=!4m7!3m6!1s0x47e8193f2eb67d4f:0x5a8d9170feaa0953!8m2!3d49.8426314!4d3.2936852!16s%2Fg%2F11zjl1xrb3!19sChIJT322Lj8Z6EcRUwmq_nCRjVo?authuser=0&hl=fr&g_ep=EgoyMDI2MDkxNi4wIJJjKgBIAVAD&rclk=1,,gmb
Hyères,boutique CBD,Green Station CBD,"3 Rue Minvielle, 83400 Hyères, France",+33615980563,,https://green-station-cbd.com/,https://www.google.com/maps/place/Green+Station+CBD/data=!4m7!3m6!1s0x12c9230fbbeb0a4b:0x83220fb5f2d9094c!8m2!3d43.1100837!4d6.1240877!16s%2Fg%2F11n7069dmq!19sChIJSwrruw8jyRIRTAnZ8rUPIoM?authuser=0&hl=fr&g_ep=EgoyMDI2MDkxNi4wIJJjKgBIAVAD&rclk=1,,gmb
Hyères,boutique CBD,Hexaweed,"110 Av. de la Gavine, 83400 Hyères, France",+33771029647,,https://hexaweed.com/?utm_source=google&utm_medium=organic&utm_campaign=fiche_google_hyeres,https://www.google.com/maps/place/Hexaweed/data=!4m7!3m6!1s0x12c92793567ef991:0xd41fec2b18a326c5!8m2!3d43.0806237!4d6.1550816!16s%2Fg%2F11wfx1fh98!19sChIJkfl-VpMnyRIRxSajGCvsH9Q?authuser=0&hl=fr&g_ep=EgoyMDI2MDkxNi4wIJJjKgBIAVAD&rclk=1,,gmb
Hyères,boutique CBD,Les biotanistes en Provence,"9074 Rte de Pierrefeu, 83400 Hyères, France",+33663675431,,https://lesbiotanistes.com/,https://www.google.com/maps/place/Les+biotanistes+en+Provence/data=!4m7!3m6!1s0x37d66835e098c09:0xfad98bc088e865ed!8m2!3d43.1882521!4d6.1286779!16s%2Fg%2F11vdd298l1!19sChIJCYwJXoNmfQMR7WXoiMCL2fo?authuser=0&hl=fr&g_ep=EgoyMDI2MDkxNi4wIJJjKgBIAVAD&rclk=1,,gmb
Hyères,boutique CBD,"Léa CBD, Les Biotanistes - DIRECT PRODUCTEUR BIO","140 Av. du Val de l'Éolienne, 83320 Carqueiranne, France",,,https://lea-cbd.sumupstore.com/,"https://www.google.com/maps/place/L%C3%A9a+CBD,+Les+Biotanistes+-+DIRECT+PRODUCTEUR+BIO/data=!4m7!3m6!1s0x12c9239313eb0415:0xad5ceb1ed104d5ba!8m2!3d43.085547!4d6.0997494!16s%2Fg%2F11k9f25fj1!19sChIJFQTrE5MjyRIRutUE0R7rXK0?authuser=0&hl=fr&g_ep=EgoyMDI2MDkxNi4wIJJjKgBIAVAD&rclk=1",,gmb
Évry-Courcouronnes,boutique CBD,PACK CBD SHOP EVRY,"2 Bd de l'Europe-Valéry Giscard d'Estaing C.cial Evry2, 91000 EVRY, France",+33169903602,contact@pack-cbd.com,http://www.pack-cbd.com/,https://www.google.com/maps/place/PACK+CBD+SHOP+EVRY/data=!4m7!3m6!1s0x47e5df13f48da145:0xa1d83b610a99da6c!8m2!3d48.6287527!4d2.4266123!16s%2Fg%2F11t_q9ks8x!19sChIJRaGN9BPf5UcRbNqZCmE72KE?authuser=0&hl=fr&g_ep=EgoyMDI2MDkxNi4wIJJjKgBIAVAD&rclk=1,,gmb
Évry-Courcouronnes,boutique CBD,CBD Shop VnJ Evry,"24 Rue Jacques Tati, 91080 Évry-Courcouronnes, France",+33973532153,wvapnjuice@gmail.com,https://www.vapnjuice.com/,https://www.google.com/maps/place/CBD+Shop+VnJ+Evry/data=!4m7!3m6!1s0x47e5df6967044909:0xd1d15dbdf33b101a!8m2!3d48.6273429!4d2.4237264!16s%2Fg%2F11p0gv8yqc!19sChIJCUkEZ2nf5UcRGhA7871d0dE?authuser=0&hl=fr&g_ep=EgoyMDI2MDkxNi4wIJJjKgBIAVAD&rclk=1,,gmb
Pessac,boutique CBD,Chanvre & CBD de France - CBD Shop,"2 Chem. des Arestieux, 33610 Cestas, France",+33557784307,serviceclient@chcbdf.fr,https://www.chanvreetcbddefrance.fr/,https://www.google.com/maps/place/Chanvre+%26+CBD+de+France+-+CBD+Shop/data=!4m7!3m6!1s0xd54dd99bee3566b:0x572059a2476b12c6!8m2!3d44.7621295!4d-0.7265196!16s%2Fg%2F11y6b8xf4n!19sChIJa1bjvpndVA0RxhJrR6JZIFc?authuser=0&hl=fr&g_ep=EgoyMDI2MDkxNi4wIJJjKgBIAVAD&rclk=1,,gmb
Pessac,boutique CBD,Pana CBD - Magasin et Distributeur automatique 24h/24 - Villenave d'Ornon,"60 Rte de Léognan, 33140 Villenave-d'Ornon, France",+33632665768,,https://panacbd.fr/,https://www.google.com/maps/place/Pana+CBD+-+Magasin+et+Distributeur+automatique+24h%2F24+-+Villenave+d%27Ornon/data=!4m7!3m6!1s0xd5521024acdffad:0xd13112872a87a995!8m2!3d44.7664252!4d-0.5794948!16s%2Fg%2F11k9p2hf9q!19sChIJrf_NSgIhVQ0RlamHKocSMdE?authuser=0&hl=fr&g_ep=EgoyMDI2MDkxNi4wIJJjKgBIAVAD&rclk=1,,gmb
Pessac,boutique CBD,GreenZone CBD shop Cestas Bordeaux,"12 Pl. de l'Hôtel de ville, 33610 Cestas, France",+33628666200,,http://www.greenzone33.fr/,https://www.google.com/maps/place/GreenZone+CBD+shop+Cestas+Bordeaux/data=!4m7!3m6!1s0xd54dd8fe88a61b9:0x87d69ae386af557d!8m2!3d44.7413146!4d-0.6852953!16s%2Fg%2F11s0jthslf!19sChIJuWGK6I_dVA0RfVWvhuOa1oc?authuser=0&hl=fr&g_ep=EgoyMDI2MDkxNi4wIJJjKgBIAVAD&rclk=1,,gmb
Ivry-sur-Seine,boutique CBD,Cbd Shop Paris : Boutiques/Livraisons,"2 Pass. du Four, 94200 Ivry-sur-Seine, France",,ivry@thecannabisshop.com,http://cbdshopparis.com/,"https://www.google.com/maps/place/Cbd+Shop+Paris+:+Boutiques%2FLivraisons/@48.8115308,2.3867237,17z/data=!3m1!4b1!4m6!3m5!1s0x47e67381a1e413af:0x7ffe59614d6da51f!8m2!3d48.8115308!4d2.3867237!16s%2Fg%2F11qqs_wp9f?entry=ttu&g_ep=EgoyMDI2MDkxNi4wIKXMDSoASAFQAw%3D%3D",,gmb
Ivry-sur-Seine,magasin CBD,Botani X Brother’s BXB CBD shop Ivry-sur-Seine,"Centre commercial Quais d’Ivry, 50 Bd Paul Vaillant Couturier, 94200 Ivry-sur-Seine, France",+33672258148,,https://www.bxbcbd.fr/,https://www.google.com/maps/place/Botani+X+Brother%E2%80%99s+BXB+CBD+shop+Ivry-sur-Seine/data=!4m7!3m6!1s0x47e6733ac2881c8b:0x8f1d7220ae3302d8!8m2!3d48.818514!4d2.3973306!16s%2Fg%2F11mm81cll8!19sChIJixyIwjpz5kcR2AIzriByHY8?authuser=0&hl=fr&g_ep=EgoyMDI2MDkxNi4wIJJjKgBIAVAD&rclk=1,,gmb
Cergy,boutique CBD,E-clope Store - Cigarettes électroniques & CBD Cergy,"6 RUE DES GALERIES, Les 3 fontaines Zone piétonne, 95000 Cergy, France",+33134431216,commandes-web@eclopestore.fr,http://www.eclopestore.fr/,https://www.google.com/maps/place/E-clope+Store+-+Cigarettes+%C3%A9lectroniques+%26+CBD+Cergy/data=!4m7!3m6!1s0x47e6f5a72a0d54e5:0x8e5fc98de4c83f03!8m2!3d49.037088!4d2.0793812!16s%2Fg%2F11h4kcd_6b!19sChIJ5VQNKqf15kcRAz_I5I3JX44?authuser=0&hl=fr&g_ep=EgoyMDI2MDkxNi4wIJJjKgBIAVAD&rclk=1,,gmb
Cergy,boutique CBD,LABO 420 - CBD Shop - Fleurs de CBD - Huile de CBD - Produits à base de CBD,,+33977605571,fedora420cbd@gmail.com,https://fedora420.com/,https://www.google.com/maps/place/LABO+420+-+CBD+Shop+-+Fleurs+de+CBD+-+Huile+de+CBD+-+Produits+%C3%A0+base+de+CBD/data=!4m7!3m6!1s0x71ab2d4357b6651:0xe1bafe3225116ad3!8m2!3d48.6807824!4d2.5026636!16s%2Fg%2F11pkph98zc!19sChIJUWZ7NdSyGgcR02oRJTL-uuE?authuser=0&hl=fr&g_ep=EgoyMDI2MDkxNi4wIJJjKgBIAVAD&rclk=1,,gmb
Cergy,boutique CBD,Katany,"24 Rue de Gisors, 95300 Pontoise, France",,contact@katany.fr,https://katany.fr/,https://www.google.com/maps/place/Katany/data=!4m7!3m6!1s0x47e6f59be070f14f:0x11a2eafdfc9e4702!8m2!3d49.0520936!4d2.096466!16s%2Fg%2F11zjnxv26k!19sChIJT_Fw4Jv15kcRAkee_P3qohE?authuser=0&hl=fr&g_ep=EgoyMDI2MDkxNi4wIJJjKgBIAVAD&rclk=1,,gmb
Vénissieux,boutique CBD,La Demeure du CBD,"4 Rue Victor Hugo, 69370 Saint-Didier-au-Mont-d'Or, France",+33649627746,contact@lademeureducbd.fr,https://lademeureducbd.fr/,https://www.google.com/maps/place/La+Demeure+du+CBD/data=!4m7!3m6!1s0x47f493f2f63fe263:0x482a5be2eb476291!8m2!3d45.8322931!4d4.793268!16s%2Fg%2F11ys1f8wt_!19sChIJY-I_9vKT9EcRkWJH6-JbKkg?authuser=0&hl=fr&g_ep=EgoyMDI2MDkxNi4wIJJjKgBIAVAD&rclk=1,,gmb
Chambéry,boutique CBD,6bd gorilla spécialiste vape et CBD,"120 Rue Croix d'Or, 73000 Chambéry, France",+33695777409,my6bd.contact@gmail.com,https://mycbdboutique.fr/,https://www.google.com/maps/place/6bd+gorilla+sp%C3%A9cialiste+vape+et+CBD/data=!4m7!3m6!1s0x478ba9d7f5e169c9:0x258582898918bd01!8m2!3d45.5644846!4d5.9227677!16s%2Fg%2F11sbyby5kg!19sChIJyWnh9depi0cRAb0YiYmChSU?authuser=0&hl=fr&g_ep=EgoyMDI2MDkxNi4wIJJjKgBIAVAD&rclk=1,,gmb
Niort,boutique CBD,Local du cbd Niort,"5 Rue du 8 Mai, 79180 Chauray, France",+33625365547,,http://www.local-cbd.fr/,https://www.google.com/maps/place/Local+du+cbd+Niort/data=!4m7!3m6!1s0x4807373e7fd18985:0x3cce75c2fce67d7f!8m2!3d46.3563894!4d-0.3795862!16s%2Fg%2F11vsfgh7gf!19sChIJhYnRfz43B0gRf33m_MJ1zjw?authuser=0&hl=fr&g_ep=EgoyMDI2MDkxNi4wIJJjKgBIAVAD&rclk=1,,gmb
Niort,boutique CBD,Begood CBD,"32 Rue Saint-Jean, 79000 Niort, France",+33516811130,,https://begood-life.com/?utm_source=gmb,https://www.google.com/maps/place/Begood+CBD/data=!4m7!3m6!1s0x480731f7388a45a1:0x37ace905628297a3!8m2!3d46.3240795!4d-0.4632253!16s%2Fg%2F11mvm16b10!19sChIJoUWKOPcxB0gRo5eCYgXprDc?authuser=0&hl=fr&g_ep=EgoyMDI2MDkxNi4wIJJjKgBIAVAD&rclk=1,,gmb
Niort,boutique CBD,ZAD Niort - CBD (molécules) Shop,"15 Pass. du Commerce, 79000 Niort, France",+33984110454,,https://zadcbd.com/,https://www.google.com/maps/place/ZAD+Niort+-+CBD+%28mol%C3%A9cules%29+Shop/data=!4m7!3m6!1s0x4807312329a49f49:0xbf8a3beba3789fef!8m2!3d46.3237876!4d-0.4614524!16s%2Fg%2F11mv79zdjb!19sChIJSZ-kKSMxB0gR7594o-s7ir8?authuser=0&hl=fr&g_ep=EgoyMDI2MDkxNi4wIJJjKgBIAVAD&rclk=1,,gmb
Niort,magasin CBD,Alpaga - Distributeur CBD Niort,"217 Av. de la Rochelle, 79000 Niort, France",+33663871992,,https://alpaga.cool/,https://www.google.com/maps/place/Alpaga+-+Distributeur+CBD+Niort/data=!4m7!3m6!1s0x480731f9b0fb5bff:0x8f1994b6bd29232c!8m2!3d46.3154931!4d-0.4735395!16s%2Fg%2F11l661x7hm!19sChIJ_1v7sPkxB0gRLCMpvbaUGY8?authuser=0&hl=fr&g_ep=EgoyMDI2MDkxNi4wIJJjKgBIAVAD&rclk=1,,gmb
Niort,magasin CBD,Satyva NIORT,"233 Av. de Paris, 79000 Niort, France",+33549739401,,http://www.satyva.fr/,https://www.google.com/maps/place/Satyva+NIORT/data=!4m7!3m6!1s0x48073188443b67b9:0x514dc148b9c9a21e!8m2!3d46.3286019!4d-0.4460634!16s%2Fg%2F11rgns1yfk!19sChIJuWc7RIgxB0gRHqLJuUjBTVE?authuser=0&hl=fr&g_ep=EgoyMDI2MDkxNi4wIJJjKgBIAVAD&rclk=1,,gmb
Sarcelles,boutique CBD,O' BIEN ETRE CBD SHOP,"105 Rue Pierre Brossolette, 95200 Sarcelles, France",+33766108637,,https://cbdsp.fr/,https://www.google.com/maps/place/O%27+BIEN+ETRE+CBD+SHOP/data=!4m7!3m6!1s0x47e669b9270a4e2d:0xa2ccf2310546b6c!8m2!3d48.9943376!4d2.3784885!16s%2Fg%2F11t30kd8nk!19sChIJLU4KJ7lp5kcRbGtUECPPLAo?authuser=0&hl=fr&g_ep=EgoyMDI2MDkxNi4wIJJjKgBIAVAD&rclk=1,,gmb
Sarcelles,boutique CBD,Mr Weedo | CBD shop premium,"Immeuble Les Jonquilles, ZA de la, Rte de la Tête Richard, 95350 Piscop, France",+33768894511,,https://www.mr-weedo.com/,https://www.google.com/maps/place/Mr+Weedo+%7C+CBD+shop+premium/data=!4m7!3m6!1s0x47e643b40309784f:0x65c3e3c403120b7f!8m2!3d49.0186595!4d2.3494827!16s%2Fg%2F11nzy8xxvk!19sChIJT3gJA7RD5kcRfwsSA8Tjw2U?authuser=0&hl=fr&g_ep=EgoyMDI2MDkxNi4wIJJjKgBIAVAD&rclk=1,,gmb
Sarcelles,boutique CBD,CBD SHOP | JUNGLE DISTRICT | LE THILLAY,"C.Cial Grand Halle, Av. des Violettes, 95500 Le Thillay, France",+33667799516,jungle.dist@gmail.com,https://jungle-district.odoo.com/,https://www.google.com/maps/place/CBD+SHOP+%7C+JUNGLE+DISTRICT+%7C+LE+THILLAY/data=!4m7!3m6!1s0x47e66b1408c2bfbd:0xde38a220b738c999!8m2!3d49.0073609!4d2.4652266!16s%2Fg%2F11n3_7rscw!19sChIJvb_CCBRr5kcRmck4tyCiON4?authuser=0&hl=fr&g_ep=EgoyMDI2MDkxNi4wIJJjKgBIAVAD&rclk=1,,gmb
Sarcelles,boutique CBD,CBD,,+33758725957,,https://cbdbaka.com/,https://www.google.com/maps/place/CBD/data=!4m7!3m6!1s0xa72e6d3bf6693d2d:0x3cfdcfc36cb4aba0!8m2!3d48.8588549!4d2.3470341!16s%2Fg%2F11yn2zwq1t!19sChIJLT1p9jttLqcRoKu0bMPP_Tw?authuser=0&hl=fr&g_ep=EgoyMDI2MDkxNi4wIJJjKgBIAVAD&rclk=1,,gmb
Sarcelles,magasin CBD,"MONSIEURVAPO | cigarettes électroniques, e-liquides, CBD","Immeuble les Jonquilles - RDC, 1 Imp. des Jonquilles, 95350 Piscop, France",+33768894511,contact@monsieurvapo.com,https://www.monsieurvapo.com/,"https://www.google.com/maps/place/MONSIEURVAPO+%7C+cigarettes+%C3%A9lectroniques,+e-liquides,+CBD/data=!4m7!3m6!1s0x47e64277b155f033:0x553dc18504f5ccfb!8m2!3d49.0186462!4d2.3494982!16s%2Fg%2F11bx1g_5zg!19sChIJM_BVsXdC5kcR-8z1BIXBPVU?authuser=0&hl=fr&g_ep=EgoyMDI2MDkxNi4wIJJjKgBIAVAD&rclk=1",,gmb
Sarcelles,magasin CBD,L’arbre de vie ( CBD shop ),"34 Rue du Général Leclerc, 95320 Saint-Leu-la-Forêt, France",+33781676501,contact@larbredeviecbd.fr,https://larbredeviecbd.fr/,https://www.google.com/maps/place/L%E2%80%99arbre+de+vie+%28+CBD+shop+%29/data=!4m7!3m6!1s0x47e6677f8a97f36d:0xb8f69ed86195e082!8m2!3d49.0181884!4d2.2449246!16s%2Fg%2F11c5_01l6d!19sChIJbfOXin9n5kcRguCVYdie9rg?authuser=0&hl=fr&g_ep=EgoyMDI2MDkxNi4wIJJjKgBIAVAD&rclk=1,,gmb
Beauvais,boutique CBD,MALVA - CBD,"16 Rue Gay Lussac, 60000 Beauvais, France",,contact.malvacorp@gmail.com,https://cbd-malva.fr/,https://www.google.com/maps/place/MALVA+-+CBD/data=!4m7!3m6!1s0x47e701818950a293:0x56753060a16fa5c0!8m2!3d49.4092241!4d2.1089032!16s%2Fg%2F11lzwc8_9y!19sChIJk6JQiYEB50cRwKVvoWAwdVY?authuser=0&hl=fr&g_ep=EgoyMDI2MDkxNi4wIJJjKgBIAVAD&rclk=1,,gmb
Beauvais,boutique CBD,Lion’s Coffee C.B.D,"1 Rue du Grenier À Sel, 60000 Beauvais, France",+33365433453,,https://www.lionscoffee.fr/,https://www.google.com/maps/place/Lion%E2%80%99s+Coffee+C.B.D/data=!4m7!3m6!1s0x47e7070d477d0121:0x1f18d5a6e3159c57!8m2!3d49.4301643!4d2.0866281!16s%2Fg%2F11x1skvsb5!19sChIJIQF9Rw0H50cRV5wV46bVGB8?authuser=0&hl=fr&g_ep=EgoyMDI2MDkxNi4wIJJjKgBIAVAD&rclk=1,,gmb
Beauvais,boutique CBD,Green CBD & Vape,"12 Rue du Jeu de Tamis, 60000 Beauvais, France",+33375741822,,http://greencbd.fr/,https://www.google.com/maps/place/Green+CBD+%26+Vape/data=!4m7!3m6!1s0x47e7118c938f7aa1:0xc5e705f1196e9270!8m2!3d49.4316336!4d2.0884979!16s%2Fg%2F11tbx2b5k_!19sChIJoXqPk4wR50cRcJJuGfEF58U?authuser=0&hl=fr&g_ep=EgoyMDI2MDkxNi4wIJJjKgBIAVAD&rclk=1,,gmb
Cholet,boutique CBD,CBD Cholet,"26 Rue du Puits Gourdon, 49300 Cholet, France",+33667327785,support@cbd.fr,https://tidd.ly/3HPPfPT,https://www.google.com/maps/place/CBD+Cholet/data=!4m7!3m6!1s0x48064799424c508f:0x892071050f33fc0f!8m2!3d47.0606357!4d-0.8730197!16s%2Fg%2F11xvzwrnq2!19sChIJj1BMQplHBkgRD_wzDwVxIIk?authuser=0&hl=fr&g_ep=EgoyMDI2MDkxNi4wIJJjKgBIAVAD&rclk=1,,gmb
Vannes,boutique CBD,Terra CBD Vannes,"11 Rue Hoche, 56000 Vannes, France",+33297676280,contact@terracbd.fr,https://terracbd.fr/,https://www.google.com/maps/place/Terra+CBD+Vannes/data=!4m7!3m6!1s0x48101f746ec1a7b1:0x2273284a9703cd37!8m2!3d47.6585919!4d-2.7621163!16s%2Fg%2F11zk8k9l4q!19sChIJsafBbnQfEEgRN80Dl0oocyI?authuser=0&hl=fr&g_ep=EgoyMDI2MDkxNi4wIJJjKgBIAVAD&rclk=1,,gmb
Fréjus,boutique CBD,CBD Fréjus - CBD ÉVASION,"48 Pl. dou Maiet, 83600 Fréjus, France",+33489994691,cbd.evasion@yahoo.com,https://cbd-evasion.fr/,https://www.google.com/maps/place/CBD+Fr%C3%A9jus+-+CBD+%C3%89VASION/data=!4m7!3m6!1s0x12cebd55c8ce7433:0x7cacff0eaf0eecda!8m2!3d43.423447!4d6.7480408!16s%2Fg%2F11mc18nnfg!19sChIJM3TOyFW9zhIR2uwOrw7_rHw?authuser=0&hl=fr&g_ep=EgoyMDI2MDkxNi4wIJJjKgBIAVAD&rclk=1,,gmb
Fréjus,boutique CBD,CBD Fréjus - TS-STORE 83,"414 Av. de Lattre de Tassigny, 83600 Fréjus, France",+33483099250,contact@totalsmoke.fr,https://www.totalsmoke.fr/,https://www.google.com/maps/place/CBD+Fr%C3%A9jus+-+TS-STORE+83/data=!4m7!3m6!1s0x12cebd92a97c81b9:0x8cc6f9824ca1ccda!8m2!3d43.43241!4d6.748148!16s%2Fg%2F11vk7xkw81!19sChIJuYF8qZK9zhIR2syhTIL5xow?authuser=0&hl=fr&g_ep=EgoyMDI2MDkxNi4wIJJjKgBIAVAD&rclk=1,,gmb
Fréjus,boutique CBD,Quality CBD by Niko,"27 Rue Sieyes, 83600 Fréjus, France",+33498213898,,http://www.qualitycbdbyniko.fr/,https://www.google.com/maps/place/Quality+CBD+by+Niko/data=!4m7!3m6!1s0x12cebde2f89942dd:0xd329f7d2a608c831!8m2!3d43.4326848!4d6.7359713!16s%2Fg%2F11sqkqmm4s!19sChIJ3UKZ-OK9zhIRMcgIptL3KdM?authuser=0&hl=fr&g_ep=EgoyMDI2MDkxNi4wIJJjKgBIAVAD&rclk=1,,gmb
Fréjus,boutique CBD,Nuage de Chanvre - CBD Shop Fréjus Saint Raphaël,,+33764176286,,https://nuagedechanvre.com/magasin-shop-cbd-frejus-livraison-express/,https://www.google.com/maps/place/Nuage+de+Chanvre+-+CBD+Shop+Fr%C3%A9jus+Saint+Rapha%C3%ABl/data=!4m7!3m6!1s0x12ce999adbd308f5:0xb66812687a971c41!8m2!3d30.6959409!4d-49.8171262!16s%2Fg%2F11n11wtlxs!19sChIJ9QjT25qZzhIRQRyXemgSaLY?authuser=0&hl=fr&g_ep=EgoyMDI2MDkxNi4wIJJjKgBIAVAD&rclk=1,,gmb
Charleville-Mézières,boutique CBD,DB STREET SHOP CBD,"3 Quai Arthur Rimbaud, 08000 Charleville-Mézières, France",+33787150291,contact@etre-visible.local.fr,https://www.db-street-shop.fr/,https://www.google.com/maps/place/DB+STREET+SHOP+CBD/data=!4m7!3m6!1s0x47ea0f005db6e409:0x3c9f55abd641cbb5!8m2!3d49.7755326!4d4.7216075!16s%2Fg%2F11nk7zqfxq!19sChIJCeS2XQAP6kcRtctB1qtVnzw?authuser=0&hl=fr&g_ep=EgoyMDI2MDkxNi4wIJJjKgBIAVAD&rclk=1,,gmb
Bayonne,boutique CBD,Green Owl - CBD Shop en Ligne,"8 Rue de la Salie, 64100 Bayonne, France",+33973690284,,http://www.greenowl.fr/,https://www.google.com/maps/place/Green+Owl+-+CBD+Shop+en+Ligne/data=!4m7!3m6!1s0xd5141202886dc11:0x5eb1399afc2d5020!8m2!3d43.4902472!4d-1.4756678!16s%2Fg%2F11p55zqymt!19sChIJEdyGKCBBUQ0RIFAt_Jo5sV4?authuser=0&hl=fr&g_ep=EgoyMDI2MDkxNi4wIJJjKgBIAVAD&rclk=1,,gmb
Bayonne,boutique CBD,CBD'eau Bayonne,"16 Rue Victor Hugo, 64100 Bayonne, France",+33985110820,,https://cbdeau-bayonne.fr/,https://www.google.com/maps/place/CBD%27eau+Bayonne/data=!4m7!3m6!1s0xd5141af43fdf38b:0xbc6bb58aed683b3f!8m2!3d43.4918699!4d-1.4750613!16s%2Fg%2F11js2rntxc!19sChIJi_P9Q69BUQ0RPzto7Yq1a7w?authuser=0&hl=fr&g_ep=EgoyMDI2MDkxNi4wIJJjKgBIAVAD&rclk=1,,gmb
Saint-Brieuc,boutique CBD,BRONIIZ - CBD SAINT BRIEUC,"51 Rue du Dr Rahuel, 22000 Saint-Brieuc, France",,,https://broniiz.com/,https://www.google.com/maps/place/BRONIIZ+-+CBD+SAINT+BRIEUC/data=!4m7!3m6!1s0x480e1d24d0ccf0bb:0x876a64225eff0d6a!8m2!3d48.505917!4d-2.745529!16s%2Fg%2F11ydzx0sq7!19sChIJu_DM0CQdDkgRag3_XiJkaoc?authuser=0&hl=fr&g_ep=EgoyMDI2MDkxNi4wIJJjKgBIAVAD&rclk=1,,gmb
Brive-la-Gaillarde,boutique CBD,KANNATHERA Boutique spécialisée dans le chanvre CANNABIS SATIVA L - CBD SHOP,"33 Rue du Lieutenant Colonel Farro, 19100 Brive-la-Gaillarde, France",+33587491093,,http://www.kannathera.com/,https://www.google.com/maps/place/KANNATHERA+Boutique+sp%C3%A9cialis%C3%A9e+dans+le+chanvre+CANNABIS+SATIVA+L+-+CBD+SHOP/data=!4m7!3m6!1s0x47f897244fe8b665:0x66c4e3e10aeda17f!8m2!3d45.1572644!4d1.5334876!16s%2Fg%2F11g4lg0czc!19sChIJZbboTySX-EcRf6HtCuHjxGY?authuser=0&hl=fr&g_ep=EgoyMDI2MDkxNi4wIJJjKgBIAVAD&rclk=1,,gmb
Brive-la-Gaillarde,magasin CBD,La Civette Cigarette Électronique CBD Shop Cigare Tabac,"70 Bd Général Koenig, 19100 Brive-la-Gaillarde, France",+33685752745,lacivettebrive@gmail.com,https://la-civette-brive.fr/,https://www.google.com/maps/place/La+Civette+Cigarette+%C3%89lectronique+CBD+Shop+Cigare+Tabac/data=!4m7!3m6!1s0x47f897df957f77ed:0xdb1f5658afb25854!8m2!3d45.160796!4d1.53261!16s%2Fg%2F1tj4y1qn!19sChIJ7Xd_ld-X-EcRVFiyr1hWH9s?authuser=0&hl=fr&g_ep=EgoyMDI2MDkxNi4wIJJjKgBIAVAD&rclk=1,,gmb
Chalon-sur-Saône,boutique CBD,CbZen CBD,"4 Pl. Saint-Vincent, 71100 Chalon-sur-Saône, France",+33385491640,contact@cbzen.fr,https://www.cbzen.fr/?utm_source=gmb,https://www.google.com/maps/place/CbZen+CBD/data=!4m7!3m6!1s0x47f2fd0948ebfe1d:0xf5f3b959eabd06e0!8m2!3d46.7823315!4d4.8584321!16s%2Fg%2F11fv82dy4g!19sChIJHf7rSAn98kcR4Aa96lm58_U?authuser=0&hl=fr&g_ep=EgoyMDI2MDkxNi4wIJJjKgBIAVAD&rclk=1,,gmb
Chalon-sur-Saône,boutique CBD,HISTOIRE DE GRAINES Chalon sur Saone / CBD SHOP,"10 Rue Pasteur, 71100 Chalon-sur-Saône, France",+33986320247,contact@weebud.fr,http://www.histoiredegraines.fr/,https://www.google.com/maps/place/HISTOIRE+DE+GRAINES+Chalon+sur+Saone+%2F+CBD+SHOP/data=!4m7!3m6!1s0x47f2fd29dd49bf5f:0xed11eee7e61c81f1!8m2!3d46.7803708!4d4.8517225!16s%2Fg%2F11r3_57b32!19sChIJX79J3Sn98kcR8YEc5ufuEe0?authuser=0&hl=fr&g_ep=EgoyMDI2MDkxNi4wIJJjKgBIAVAD&rclk=1,,gmb
Montauban,boutique CBD,CBD Montauban Delygreen Montauban CBD Premium,"401 Av. de Paris, 82000 Montauban, France",+33563930982,,http://www.delygreen.com/,https://www.google.com/maps/place/CBD+Montauban+Delygreen+Montauban+CBD+Premium/data=!4m7!3m6!1s0x12ac13ccdba10657:0xb693b6b4b157b765!8m2!3d44.0333517!4d1.3746664!16s%2Fg%2F11rg3tln39!19sChIJVwah28wTrBIRZbdXsbS2k7Y?authuser=0&hl=fr&g_ep=EgoyMDI2MDkxNi4wIJJjKgBIAVAD&rclk=1,,gmb
Montauban,boutique CBD,Indyka L’herboristerie du chanvre – CBD Montauban - Graines de collection,"121 Av. Aristide Briand, 82000 Montauban, France",+33658175338,indyka.montauban@gmail.com,https://indyka.fr/,https://www.google.com/maps/place/Indyka+L%E2%80%99herboristerie+du+chanvre+%E2%80%93+CBD+Montauban+-+Graines+de+collection/data=!4m7!3m6!1s0x12ac0f621109a5a1:0x2e1e6bb97382c50a!8m2!3d44.0169039!4d1.3452955!16s%2Fg%2F11t3mdy14k!19sChIJoaUJEWIPrBIRCsWCc7lrHi4?authuser=0&hl=fr&g_ep=EgoyMDI2MDkxNi4wIJJjKgBIAVAD&rclk=1,,gmb
Montauban,magasin CBD,R-Concept Cigarettes Électroniques et CBD,"810 Av. Jean Moulin, 82000 Montauban, France",+33563276681,rconcept@orange.fr,https://www.rconcept-shop.com/,https://www.google.com/maps/place/R-Concept+Cigarettes+%C3%89lectroniques+et+CBD/data=!4m7!3m6!1s0x12ac13525a9bd27b:0x47f04539d91b49fa!8m2!3d44.0291471!4d1.3704809!16s%2Fg%2F11vr44ywhs!19sChIJe9KbWlITrBIR-kkb2TlF8Ec?authuser=0&hl=fr&g_ep=EgoyMDI2MDkxNi4wIJJjKgBIAVAD&rclk=1,,gmb
Saint-Malo,boutique CBD,moonrock'CBD Saint-Malo,"20 Rue Georges Clemenceau, 35400 Saint-Malo, France",+33665743797,,http://www.moonrock-cbd.shop/,https://www.google.com/maps/place/moonrock%27CBD+Saint-Malo/data=!4m7!3m6!1s0x480e81e6f4e32e6f:0xaf3138a1d311764e!8m2!3d48.6397615!4d-2.0181885!16s%2Fg%2F11pr39gxn2!19sChIJby7j9OaBDkgRTnYR06E4Ma8?authuser=0&hl=fr&g_ep=EgoyMDI2MDkxNi4wIJJjKgBIAVAD&rclk=1,,gmb
Angoulême,boutique CBD,CBD Angoulême - Trop's CBD and VAP,"70 Rue de la Corderie, 16000 Angoulême, France",+33517792356,contact@trops.fr,https://tropscbd.com/,https://www.google.com/maps/place/CBD+Angoul%C3%AAme+-+Trop%27s+CBD+and+VAP/data=!4m7!3m6!1s0x47fe33fe867780fb:0xd9838bd77cf19c73!8m2!3d45.6499913!4d0.1600165!16s%2Fg%2F11fs_rcwy9!19sChIJ-4B3hv4z_kcRc5zxfNeLg9k?authuser=0&hl=fr&g_ep=EgoyMDI2MDkxNi4wIJJjKgBIAVAD&rclk=1,,gmb
Angoulême,boutique CBD,Cloud Store CBD Angoulême/Charente – Boutique en ligne,"2 Pl. Chapelle Saint-Roch, 16000 Angoulême, France",+33759036050,cloudstorecbd@gmail.com,https://www.cloud-store-cbd.com/pages/cbd-angouleme,https://www.google.com/maps/place/Cloud+Store+CBD+Angoul%C3%AAme%2FCharente+%E2%80%93+Boutique+en+ligne/data=!4m7!3m6!1s0x47fe33b0789a6d23:0x28c6f89072d8fa77!8m2!3d45.6532682!4d0.1777654!16s%2Fg%2F11yqb6tks5!19sChIJI22aeLAz_kcRd_rYcpD4xig?authuser=0&hl=fr&g_ep=EgoyMDI2MDkxNi4wIJJjKgBIAVAD&rclk=1,,gmb
Angoulême,boutique CBD,CBD Angoulême - Night CBD - Boutique en ligne,"9 Rue Jean Jaurès, 16000 Angoulême, France",+33620223582,contact@night-cbd.com,https://www.night-cbd.com/,https://www.google.com/maps/place/CBD+Angoul%C3%AAme+-+Night+CBD+-+Boutique+en+ligne/data=!4m7!3m6!1s0x47fe330e996cc8db:0x6809da10906feb49!8m2!3d45.649028!4d0.1593786!16s%2Fg%2F11z7vxrh6p!19sChIJ28hsmQ4z_kcRSetvkBDaCWg?authuser=0&hl=fr&g_ep=EgoyMDI2MDkxNi4wIJJjKgBIAVAD&rclk=1,,gmb
Angoulême,boutique CBD,"CBD, NL1,THCX Bambou Angoulême","63 Rue Hergé, 16000 Angoulême, France",+33607507380,,https://bambou-angouleme.fr/,"https://www.google.com/maps/place/CBD,+NL1,THCX+Bambou+Angoul%C3%AAme/data=!4m7!3m6!1s0x47fe3277464e286f:0x20513b338e05f67d!8m2!3d45.6486129!4d0.1580771!16s%2Fg%2F11btltnzvk!19sChIJbyhORncy_kcRffYFjjM7USA?authuser=0&hl=fr&g_ep=EgoyMDI2MDkxNi4wIJJjKgBIAVAD&rclk=1",,gmb
Albi,boutique CBD,la chanvrière tarnaise - CBD,"35 Rue de l'Hôtel de Ville, 81000 Albi, France",+33564724888,,https://satyva.net/albi.htm,https://www.google.com/maps/place/la+chanvri%C3%A8re+tarnaise+-+CBD/data=!4m7!3m6!1s0x12ade92e20362389:0x261281cea05b0de3!8m2!3d43.927222!4d2.1452774!16s%2Fg%2F11zcg34p5n!19sChIJiSM2IC7prRIR4w1boM6BEiY?authuser=0&hl=fr&g_ep=EgoyMDI2MDkxNi4wIJJjKgBIAVAD&rclk=1,,gmb
Albi,boutique CBD,Le Comptoir du CBD Albi,"86 Av. Dembourg, 81000 Albi, France",+33567674744,,https://www.comptoir-cbd.fr/,https://www.google.com/maps/place/Le+Comptoir+du+CBD+Albi/data=!4m7!3m6!1s0x12ade997df4fe00b:0xf360fac42b9a302c!8m2!3d43.9384914!4d2.1428641!16s%2Fg%2F11m_d3bltf!19sChIJC-BP35fprRIRLDCaK8T6YPM?authuser=0&hl=fr&g_ep=EgoyMDI2MDkxNi4wIJJjKgBIAVAD&rclk=1,,gmb
Albi,boutique CBD,La Maison Mère - Cave Cannabis - Boutique de produteurs de CBD,"4 Rue de Fargues, 81000 Albi, France",+33621200866,,https://lechanvredugriffoul.com/,https://www.google.com/maps/place/La+Maison+M%C3%A8re+-+Cave+Cannabis+-+Boutique+de+produteurs+de+CBD/data=!4m7!3m6!1s0x12adc3be1d3322cd:0xd58a52fd63fd70d3!8m2!3d43.9287409!4d2.1439428!16s%2Fg%2F11txvnlfcd!19sChIJzSIzHb7DrRIR03D9Y_1SitU?authuser=0&hl=fr&g_ep=EgoyMDI2MDkxNi4wIJJjKgBIAVAD&rclk=1,,gmb
Albi,magasin CBD,Le Comptoir Du CBD,"4 Av. Colonel Teyssier, 81000 Albi, France",+33660683492,,https://www.comptoir-cbd-81.fr/contact,https://www.google.com/maps/place/Le+Comptoir+Du+CBD/data=!4m7!3m6!1s0x12ade807351aaaab:0xd1f958f153289c4f!8m2!3d43.9248215!4d2.1500507!16s%2Fg%2F11m5j_gjxh!19sChIJq6oaNQforRIRT5woU_FY-dE?authuser=0&hl=fr&g_ep=EgoyMDI2MDkxNi4wIJJjKgBIAVAD&rclk=1,,gmb
Arles,boutique CBD,CBD Arles - La Maison de la Graine,"8 bis Av. des Arches, 13200 Arles, France",+33987372645,,https://lamaisondelagraine.fr/,https://www.google.com/maps/place/CBD+Arles+-+La+Maison+de+la+Graine/data=!4m7!3m6!1s0x12b6767b8ba521a9:0x1dbc7758f601a7c4!8m2!3d43.6636691!4d4.6377678!16s%2Fg%2F11gd822qns!19sChIJqSGli3t2thIRxKcB9lh3vB0?authuser=0&hl=fr&g_ep=EgoyMDI2MDkxNi4wIJJjKgBIAVAD&rclk=1,,gmb
Arles,boutique CBD,CBD ARLES,"4 Rue de l'Hôtel de ville, 13200 Arles, France",+33788173291,,http://www.cbd-markets.fr/,https://www.google.com/maps/place/CBD+ARLES/data=!4m7!3m6!1s0x12b61bca34827977:0xd7ca81ab57b7941a!8m2!3d43.6780704!4d4.6276431!16s%2Fg%2F11kpmdh6p0!19sChIJd3mCNMobthIRGpS3V6uBytc?authuser=0&hl=fr&g_ep=EgoyMDI2MDkxNi4wIJJjKgBIAVAD&rclk=1,,gmb
Arles,magasin CBD,High Five SMC CBD SHOP,"7 Av. César Bernaudon, 13310 Saint-Martin-de-Crau, France",+33749197114,highfiveric@gmail.com,https://www.highfivesmc.fr/,https://www.google.com/maps/place/High+Five+SMC+CBD+SHOP/data=!4m7!3m6!1s0x12b6099a0d898aef:0x4cbb7251e9a8b37d!8m2!3d43.6394326!4d4.8125156!16s%2Fg%2F11y57g5klt!19sChIJ74qJDZoJthIRfbOo6VFyu0w?authuser=0&hl=fr&g_ep=EgoyMDI2MDkxNi4wIJJjKgBIAVAD&rclk=1,,gmb
Arles,magasin CBD,HappeSmoke Cigarettes électroniques & CBD • Arles,"1 Av. de la Libération, 13200 Arles, France",+33490436487,,https://arles.happesmoke.com/,https://www.google.com/maps/place/HappeSmoke+Cigarettes+%C3%A9lectroniques+%26+CBD+%E2%80%A2+Arles/data=!4m7!3m6!1s0x12b5d9007c801f4f:0x9c9d9ea92c733803!8m2!3d43.7072638!4d4.6441976!16s%2Fg%2F11x31wvyng!19sChIJTx-AfADZtRIRAzhzLKmenZw?authuser=0&hl=fr&g_ep=EgoyMDI2MDkxNi4wIJJjKgBIAVAD&rclk=1,,gmb
Belfort,boutique CBD,Graines & Bien-être CBD Belfort,"2 Fbg des Ancêtres, 90000 Belfort, France",+33986756657,contact@grainesetbienetre.com,http://grainesetbienetre.com/,https://www.google.com/maps/place/Graines+%26+Bien-%C3%AAtre+CBD+Belfort/data=!4m7!3m6!1s0x47923b3b7acd6321:0xf3b959bbb39a5dd9!8m2!3d47.6380836!4d6.8578848!16s%2Fg%2F11ffvvr99w!19sChIJIWPNejs7kkcR2V2as7tZufM?authuser=0&hl=fr&g_ep=EgoyMDI2MDkxNi4wIJJjKgBIAVAD&rclk=1,,gmb
Castres,boutique CBD,WEENCBD Castres / CBD Shop Premium,"ZI De Mélou, 37 Rte de Toulouse, 81100 Castres, France",+33563706915,,https://weencbd.fr/,https://www.google.com/maps/place/WEENCBD+Castres+%2F+CBD+Shop+Premium/data=!4m7!3m6!1s0x12ae13e8d09bd669:0x1c83bb80cb9fc95c!8m2!3d43.5927077!4d2.2150201!16s%2Fg%2F11ll_lhkn8!19sChIJadab0OgTrhIRXMmfy4C7gxw?authuser=0&hl=fr&g_ep=EgoyMDI2MDkxNi4wIJJjKgBIAVAD&rclk=1,,gmb
Castres,boutique CBD,CBD'OC / CBD à Castres,"4 bis Bd Raymond Vittoz, 81100 Castres, France",+33659918266,,http://www.cbdoc.fr/,https://www.google.com/maps/place/CBD%27OC+%2F+CBD+%C3%A0+Castres/data=!4m7!3m6!1s0x12ae117c09e230c9:0xf8e6f99e68143702!8m2!3d43.6039179!4d2.2440793!16s%2Fg%2F11n0vjmj45!19sChIJyTDiCXwRrhIRAjcUaJ755vg?authuser=0&hl=fr&g_ep=EgoyMDI2MDkxNi4wIJJjKgBIAVAD&rclk=1,,gmb
Châteauroux,boutique CBD,Chez BleDy's,"1 Pl. Saint-Cyran, 36000 Châteauroux, France",+33982337318,contact@chezbledys.fr,https://www.chezbledys.fr/,https://www.google.com/maps/place/Chez+BleDy%27s/data=!4m7!3m6!1s0x47fba0a8190a8ff7:0x7bd13546a4b832fd!8m2!3d46.8122756!4d1.6942452!16s%2Fg%2F11fqskx4cz!19sChIJ948KGaig-0cR_TK4pEY10Xs?authuser=0&hl=fr&g_ep=EgoyMDI2MDkxNi4wIJJjKgBIAVAD&rclk=1,,gmb
Cherbourg-en-Cotentin,boutique CBD,Maison Sativa CBD Bio - CBD Shop Cherbourg-en-Cotentin,"7 Rue Albert Mahieu, 50100 Cherbourg-en-Cotentin, France",+33233941765,contact@maisonsativacbd.fr,http://www.maisonsativacbd.fr/,https://www.google.com/maps/place/Maison+Sativa+CBD+Bio+-+CBD+Shop+Cherbourg-en-Cotentin/data=!4m7!3m6!1s0x480c973ffe5d3fd7:0xd9a69b1195d7e672!8m2!3d49.6398332!4d-1.6252931!16s%2Fg%2F11t40dp_ht!19sChIJ1z9d_j-XDEgRcubXlRGbptk?authuser=0&hl=fr&g_ep=EgoyMDI2MDkxNi4wIJJjKgBIAVAD&rclk=1,,gmb
Draguignan,boutique CBD,Culture cbd Draguignan - Magasin de CBD,"1 Pl. de la Paroisse, 83300 Draguignan, France",+33607914349,culture.cbd.france@gmail.com,http://www.culture-cbd.fr/,https://www.google.com/maps/place/Culture+cbd+Draguignan+-+Magasin+de+CBD/data=!4m7!3m6!1s0x12ceab28d601b5cd:0x83342345b7686165!8m2!3d43.5391963!4d6.4649963!16s%2Fg%2F11p3wnm85b!19sChIJzbUB1iirzhIRZWFot0UjNIM?authuser=0&hl=fr&g_ep=EgoyMDI2MDkxNi4wIJJjKgBIAVAD&rclk=1,,gmb
La Roche-sur-Yon,boutique CBD,West Shop CBD,"39 Rue Raymond Poincaré, 85000 La Roche-sur-Yon, France",+33671924814,,https://www.westshopcbd.fr/,https://www.google.com/maps/place/West+Shop+CBD/data=!4m7!3m6!1s0x48042f2d517aa65b:0xb27f14f52eff36c4!8m2!3d46.6684849!4d-1.4350928!16s%2Fg%2F11q20j7tvs!19sChIJW6Z6US0vBEgRxDb_LvUUf7I?authuser=0&hl=fr&g_ep=EgoyMDI2MDkxNi4wIJJjKgBIAVAD&rclk=1,,gmb
La Roche-sur-Yon,boutique CBD,Green Days CBD Shop,"10 Rue du Passage, 85000 La Roche-sur-Yon, France",+33986659090,greendaysas85@gmail.com,https://greendayscbdshop.fr/,https://www.google.com/maps/place/Green+Days+CBD+Shop/data=!4m7!3m6!1s0x48042f19077949bf:0x74517f47c3434e77!8m2!3d46.6703366!4d-1.4227159!16s%2Fg%2F11mr21sc9s!19sChIJv0l5BxkvBEgRd05Dw0d_UXQ?authuser=0&hl=fr&g_ep=EgoyMDI2MDkxNi4wIJJjKgBIAVAD&rclk=1,,gmb
La Roche-sur-Yon,boutique CBD,CBD Social Club - La Roche sur Yon,"24 Rue du Président de Gaulle, 85000 La Roche-sur-Yon, France",,,http://www.cbd-social-club.fr/,https://www.google.com/maps/place/CBD+Social+Club+-+La+Roche+sur+Yon/data=!4m7!3m6!1s0x48042f58d8820691:0xf152d54d8d0bf5af!8m2!3d46.6711576!4d-1.4239762!16s%2Fg%2F11n8lvjj5v!19sChIJkQaC2FgvBEgRr_ULjU3VUvE?authuser=0&hl=fr&g_ep=EgoyMDI2MDkxNi4wIJJjKgBIAVAD&rclk=1,,gmb
Mâcon,boutique CBD,Mamie’s CBD Mâcon,"39 Rue Lacretelle, 71000 Mâcon, France",+33680036103,,https://www.mamies-cbd.fr/,https://www.google.com/maps/place/Mamie%E2%80%99s+CBD+M%C3%A2con/data=!4m7!3m6!1s0x47f36f99505c1c0b:0x85447bf50755453c!8m2!3d46.3058382!4d4.8257469!16s%2Fg%2F11l2t19f_5!19sChIJCxxcUJlv80cRPEVVB_V7RIU?authuser=0&hl=fr&g_ep=EgoyMDI2MDkxNi4wIJJjKgBIAVAD&rclk=1,,gmb
Mâcon,boutique CBD,CBD Mâcon,"104 Rue Saint-Antoine, 71000 Mâcon, France",+33768979445,,http://ruches.sumupstore.com/,https://www.google.com/maps/place/CBD+M%C3%A2con/data=!4m7!3m6!1s0x47f36f6ab301bcb1:0xc132f84f21779d67!8m2!3d46.3088772!4d4.8358482!16s%2Fg%2F11srdpskfs!19sChIJsbwBs2pv80cRZ513IU_4MsE?authuser=0&hl=fr&g_ep=EgoyMDI2MDkxNi4wIJJjKgBIAVAD&rclk=1,,gmb
Mâcon,boutique CBD,HERBADETENTE CBD-MÂCON,"62 Rue Carnot, 71000 Mâcon, France",+33981926870,contact@herbadetente.com,https://www.herbadetente.com/,https://www.google.com/maps/place/HERBADETENTE+CBD-M%C3%82CON/data=!4m7!3m6!1s0x47f36f275ccc940d:0x4609c80973662a39!8m2!3d46.3042201!4d4.833206!16s%2Fg%2F11r7vsdgyc!19sChIJDZTMXCdv80cROSpmcwnICUY?authuser=0&hl=fr&g_ep=EgoyMDI2MDkxNi4wIJJjKgBIAVAD&rclk=1,,gmb
Narbonne,boutique CBD,HerBio'D CBD Narbonne,"9 Quai Victor Hugo, 11100 Narbonne, France",+33661676292,herbiodcbd@gmail.com,https://herbiod.com/,https://www.google.com/maps/place/HerBio%27D+CBD+Narbonne/data=!4m7!3m6!1s0x12b1ad3e3274468f:0x2b0935fd63deca5a!8m2!3d43.1812129!4d3.0086889!16s%2Fg%2F11j6_vfw9h!19sChIJj0Z0Mj6tsRIRWsreY_01CSs?authuser=0&hl=fr&g_ep=EgoyMDI2MDkxNi4wIJJjKgBIAVAD&rclk=1,,gmb
Narbonne,boutique CBD,HerBio'D distributeur automatique de CBD 7J/7J,"47 Rue Droite, 11100 Narbonne, France",+33667385949,,https://www.herbiod.fr,https://www.google.com/maps/place/HerBio%27D+distributeur+automatique+de+CBD+7J%2F7J/data=!4m7!3m6!1s0x12b1adf61ab9c7cb:0x8a14ff4099a3c294!8m2!3d43.1851615!4d3.0049728!16s%2Fg%2F11v3xp3zjk!19sChIJy8e5GvatsRIRlMKjmUD_FIo?authuser=0&hl=fr&g_ep=EgoyMDI2MDkxNi4wIJJjKgBIAVAD&rclk=1,https://www.pagesjaunes.fr/pros/65081565,pagesjaunes
Narbonne,boutique CBD,Vap' Art - Vape & CBD Shop - Narbonne,"Chem. des Tuileries, 11100 Narbonne, France",+33468709105,,http://www.vapart.fr/,https://www.google.com/maps/place/Vap%27+Art+-+Vape+%26+CBD+Shop+-+Narbonne/data=!4m7!3m6!1s0x12b1ac66c03318ef:0x60bd970446a02884!8m2!3d43.1667955!4d2.9837219!16s%2Fg%2F11bbxh7ckl!19sChIJ7xgzwGassRIRhCigRgSXvWA?authuser=0&hl=fr&g_ep=EgoyMDI2MDkxNi4wIJJjKgBIAVAD&rclk=1,,gmb
Narbonne,boutique CBD,Natural CBD Narbonne,"13 Rue de la Major, 11100 Narbonne, France",+33468916309,,http://lacomteducbd.com/,https://www.google.com/maps/place/Natural+CBD+Narbonne/data=!4m7!3m6!1s0x12b1adff0536439d:0x1e7d394f2a02812d!8m2!3d43.183259!4d3.006429!16s%2Fg%2F11jwt8r93k!19sChIJnUM2Bf-tsRIRLYECKk85fR4?authuser=0&hl=fr&g_ep=EgoyMDI2MDkxNi4wIJJjKgBIAVAD&rclk=1,,gmb
Narbonne,magasin CBD,Cigarette electronique - cbd - Narbonne - VAP-COFFEE-,"39 Rue Droite, 11100 Narbonne, France",+33612184415,,https://www.vapcoffee.com/,https://www.google.com/maps/place/Cigarette+electronique+-+cbd+-+Narbonne+-+VAP-COFFEE-/data=!4m7!3m6!1s0x12b1ac6f74967c65:0xad6977906db10a6e!8m2!3d43.1849004!4d3.0048257!16s%2Fg%2F11gg_t4bpk!19sChIJZXyWdG-ssRIRbgqxbZB3aa0?authuser=0&hl=fr&g_ep=EgoyMDI2MDkxNi4wIJJjKgBIAVAD&rclk=1,,gmb
Nevers,boutique CBD,CBD STORE NEVERS,"8 Rue de la Pelleterie, 58000 Nevers, France",,,https://www.lejdc.fr/nevers-58000/?utm_source=pagesjaunes&utm_medium=referral&utm_campaign=partenariat_annuaire,"https://www.google.com/maps/place/CBD+STORE+NEVERS/@46.9893247,3.1623283,17z/data=!3m1!4b1!4m6!3m5!1s0x47f04fde5665d58b:0xf7b0dca4014c7496!8m2!3d46.9893247!4d3.1623283!16s%2Fg%2F11yqpl4pg4?entry=ttu&g_ep=EgoyMDI2MDkxNi4wIKXMDSoASAFQAw%3D%3D",https://www.pagesjaunes.fr/pros/65088542,pagesjaunes
Périgueux,boutique CBD,CBD - BAÏKAL,"35 Rue Combe des Dames, 24000 Périgueux, France",+33553097697,contact@baikal-cbd.com,https://baikal-cbd.com/,https://www.google.com/maps/place/CBD+-+BA%C3%8FKAL/data=!4m7!3m6!1s0x47ff711f17af1b13:0x2e563a18dad783e9!8m2!3d45.1906077!4d0.7199755!16s%2Fg%2F11txzpxmy4!19sChIJExuvFx9x_0cR6YPX2hg6Vi4?authuser=0&hl=fr&g_ep=EgoyMDI2MDkxNi4wIJJjKgBIAVAD&rclk=1,,gmb
Roanne,boutique CBD,Magasin CBD CB D'eau Roanne,"20 Rue Maréchal Foch, 42300 Roanne, France",+33469341672,contact@cbdeau-roanne.fr,https://www.cbdeau-roanne.fr/,https://www.google.com/maps/place/Magasin+CBD+CB+D%27eau+Roanne/data=!4m7!3m6!1s0x47f40f41fc29e401:0x1b026036f5c5c370!8m2!3d46.0355975!4d4.0737839!16s%2Fg%2F11q1djf4zl!19sChIJAeQp_EEP9EcRcMPF9TZgAhs?authuser=0&hl=fr&g_ep=EgoyMDI2MDkxNi4wIJJjKgBIAVAD&rclk=1,,gmb
Roanne,boutique CBD,Buds CBD Shop & Vape Roanne,"18 Cr de la République, 42300 Roanne, France",+33686581517,budscbdshop@gmail.com,https://budscbdshop.fr/cbd-shop-roanne/,https://www.google.com/maps/place/Buds+CBD+Shop+%26+Vape+Roanne/data=!4m7!3m6!1s0x47f40fb94d18d4d3:0xba7a0445761bb8a2!8m2!3d46.0380858!4d4.0645933!16s%2Fg%2F11yxc48fpk!19sChIJ09QYTbkP9EcRorgbdkUEero?authuser=0&hl=fr&g_ep=EgoyMDI2MDkxNi4wIJJjKgBIAVAD&rclk=1,,gmb
Roanne,boutique CBD,LV Nature CBD Shop Roanne,"35 Rue Jean Jaurès, 42300 Roanne, France",+33633590020,contact@lvnature-cbd.fr,https://lvnature-cbd.fr/,https://www.google.com/maps/place/LV+Nature+CBD+Shop+Roanne/data=!4m7!3m6!1s0x47f40fcf1ab33803:0x21dd6891b4f25ca6!8m2!3d46.0343238!4d4.0751211!16s%2Fg%2F11qpwk2p8x!19sChIJAzizGs8P9EcRplzytJFo3SE?authuser=0&hl=fr&g_ep=EgoyMDI2MDkxNi4wIJJjKgBIAVAD&rclk=1,,gmb
Roanne,boutique CBD,Greencity Roanne CBD Shop - Growshop - Herboristerie,"127 Av. de Paris, 42300 Roanne, France",+33763722888,,https://greencityroanne.fr/,https://www.google.com/maps/place/Greencity+Roanne+CBD+Shop+-+Growshop+-+Herboristerie/data=!4m7!3m6!1s0x47f4057312480273:0x5457c3eb76fe98cd!8m2!3d46.0475894!4d4.0687504!16s%2Fg%2F11kw69jsxq!19sChIJcwJIEnMF9EcRzZj-duvDV1Q?authuser=0&hl=fr&g_ep=EgoyMDI2MDkxNi4wIJJjKgBIAVAD&rclk=1,,gmb
Tarbes,boutique CBD,Eden Hush CBD,"81 bis Av. Alsace-Lorraine, 65000 Tarbes, France",+33611586992,,http://edenhushcbd.fr/,https://www.google.com/maps/place/Eden+Hush+CBD/data=!4m7!3m6!1s0x12a9d5ef1b5d1b13:0x9674937dcfd30c27!8m2!3d43.2493358!4d0.0726675!16s%2Fg%2F11w2vw1m5_!19sChIJExtdG-_VqRIRJwzTz32TdJY?authuser=0&hl=fr&g_ep=EgoyMDI2MDkxNi4wIJJjKgBIAVAD&rclk=1,,gmb
Tarbes,boutique CBD,Distri’ CBD automatique 24/7 « Le Grow »,"95 Av. Aristide Briand, 65000 Tarbes, France",,,https://legrowcbd.com/?ved=2ahUKEwjWvtqUofqUAxV2VqQEHRO1J00QgU96BAg3EAM,https://www.google.com/maps/place/Distri%E2%80%99+CBD+automatique+24%2F7+%C2%AB+Le+Grow+%C2%BB/data=!4m7!3m6!1s0x12a9d57fe579f209:0x1e17009ada7ff473!8m2!3d43.2183898!4d0.057867!16s%2Fg%2F11nc83_2n4!19sChIJCfJ55X_VqRIRc_R_2poAFx4?authuser=0&hl=fr&g_ep=EgoyMDI2MDkxNi4wIJJjKgBIAVAD&rclk=1,,gmb
Tarbes,boutique CBD,Relax CBD,"5 Av. Bertrand Barere, 65000 Tarbes, France",+33562329499,,http://relaxcbd.fr/,https://www.google.com/maps/place/Relax+CBD/data=!4m7!3m6!1s0x12a9d5e910d155bd:0x78e25094649f6a47!8m2!3d43.2351615!4d0.0722579!16s%2Fg%2F11x966w11p!19sChIJvVXREOnVqRIRR2qfZJRQ4ng?authuser=0&hl=fr&g_ep=EgoyMDI2MDkxNi4wIJJjKgBIAVAD&rclk=1,,gmb
Tarbes,boutique CBD,KGS Tarbes CBD,"1 Pl. Jean Jaurès, 65000 Tarbes, France",+33562537071,contact@kgs32-cbd.com,https://kgs32-cbd.com/,https://www.google.com/maps/place/KGS+Tarbes+CBD/data=!4m7!3m6!1s0x12a9d38a58d44ef1:0x574ab9f6211b7e70!8m2!3d43.2322345!4d0.0774927!16s%2Fg%2F11v3ls5rmv!19sChIJ8U7UWIrTqRIRcH4bIfa5Slc?authuser=0&hl=fr&g_ep=EgoyMDI2MDkxNi4wIJJjKgBIAVAD&rclk=1,,gmb
Thionville,boutique CBD,Green Shop CBD – Thionville,"2 Rue du Vieux Collège, 57100 Thionville, France",+33743709725,contact@greenshop-cbd.fr,https://greenshop-cbd.fr/,https://www.google.com/maps/place/Green+Shop+CBD+%E2%80%93+Thionville/data=!4m7!3m6!1s0x47952529f69e3c53:0xa39ea11f7938fa4c!8m2!3d49.3578082!4d6.1654245!16s%2Fg%2F11h31zb9ck!19sChIJUzye9ikllUcRTPo4eR-hnqM?authuser=0&hl=fr&g_ep=EgoyMDI2MDkxNi4wIJJjKgBIAVAD&rclk=1,,gmb
Thionville,boutique CBD,CBD Thionville - King Of CBD,"77 Bcle de la Milliaire, 57100 Thionville, France",+33760651059,contact@green-potion.com,https://green-potion.com/king-of-cbd/,https://www.google.com/maps/place/CBD+Thionville+-+King+Of+CBD/data=!4m7!3m6!1s0x47952555d6ded12f:0x26f30d2e3437ff1e!8m2!3d49.3569001!4d6.1481558!16s%2Fg%2F11l9zmx2m7!19sChIJL9He1lUllUcRHv83NC4N8yY?authuser=0&hl=fr&g_ep=EgoyMDI2MDkxNi4wIJJjKgBIAVAD&rclk=1,,gmb
Thionville,boutique CBD,Green Purple CBD Thionville,"face à Kiabi, Rue des Auriges, 57100 Thionville, France",+33382884430,contact@greenpurplecbd.fr,https://www.greenpurplecbd.fr/,https://www.google.com/maps/place/Green+Purple+CBD+Thionville/data=!4m7!3m6!1s0x4795258d2387a55d:0xb47dc150ab1aedea!8m2!3d49.3581464!4d6.1398026!16s%2Fg%2F11wt_5gpgn!19sChIJXaWHI40llUcR6u0aq1DBfbQ?authuser=0&hl=fr&g_ep=EgoyMDI2MDkxNi4wIJJjKgBIAVAD&rclk=1,,gmb
Thionville,boutique CBD,CBD SHOP ZAZA RIVIERA HERBS,"6 Rue de l'Ancienne Gare, 57100 Thionville, France",+33658221748,zazarivieraherb@gmail.com,http://www.zaza-riviera-herbs.com/,https://www.google.com/maps/place/CBD+SHOP+ZAZA+RIVIERA+HERBS/data=!4m7!3m6!1s0x4c7c2945151ade13:0x17d5ded4e65a24ab!8m2!3d49.3500022!4d6.1590552!16s%2Fg%2F11kq56zvd5!19sChIJE94aFUUpfEwRqyRa5tTe1Rc?authuser=0&hl=fr&g_ep=EgoyMDI2MDkxNi4wIJJjKgBIAVAD&rclk=1,,gmb
Thionville,boutique CBD,LUXEVERDE - Distributeur CBD & VAPE 24/24 - Thionville Yutz,"70 Av. des Nations, 57970 Yutz, France",+33382564386,chris@luxeverde.fr,https://www.luxeverde.fr/,https://www.google.com/maps/place/LUXEVERDE+-+Distributeur+CBD+%26+VAPE+24%2F24+-+Thionville+Yutz/data=!4m7!3m6!1s0x47952576b10cb519:0x1c0d6459a2e47ac0!8m2!3d49.3596264!4d6.191596!16s%2Fg%2F11zd95vmn8!19sChIJGbUMsXYllUcRwHrkollkDRw?authuser=0&hl=fr&g_ep=EgoyMDI2MDkxNi4wIJJjKgBIAVAD&rclk=1,,gmb
